단어,명사,관형사 (-é),동사 (-À),부사 (-ùi),"조사, 연결",비고,어원 언어,어원
--kaim,,,,,"-지, -일지",,선험,
-'l,,,,,= lo,,한국어,을
-àd,,,,,,미래시제어미,선험,
-àh,,,,,,부정형어미,선험,
-aim,,,,,=--kaim,,자소크어,--kaim
-as,,,,,"은, 는",,선험,
-às,-às,,,,,사동형어미,선험,
-è,,,,,,과거시제어미,선험,
-èa,,,,,,대과거시제어미,선험,
-ìa,,,,,,반전형어미,자소크어,tia
-ìç,,,,,,현재시제어미,선험,
-ìe,,,,,,명사형어미,선험,
-in,,,,,,"-하는 사람, -하는 것",선험,
-is,,,,,,복수접미사,선험,
-òme,,,,,,부탁형어미,선험,
-s,,,,,"= -as, =-is",,선험,
-ùd,,,,,,욕구형어미,선험,
-ùh,,,,,,가능형어미,선험,
-ùie,,,,"-하게, -하도록",,,선험,
-ùle,,,,,,과정형어미,선험,
-ùm,,,,,,일반시제어미,선험,
-ùn,,,,,,필요형어미,선험,
-ùque,,,,,,피동형어미,선험,
-ùquom,,,,,,피동명령형어미,선험,
-ùsua,,,,,,가정형어미,선험,
-ùsuia,,,,,,비록형어미,자소크어,-usua·tia
-z,,,,,,확신형어미,선험,
(-ha),,,,,,"원인형어미 (-이니까, -이므로, -기 때문에)",선험,
(-ùre),,,,,,명령형어미,선험,
(laziqueshtaro),,,,,,[대화] 여보세요,선험,
(oinn),,,,,,[대화] 응.,선험,
(öshùque),,,,,,좋아짐,자소크어,ösh·-ùque
a,아(자소크어의 첫번째 문자),,,,,(문장의 처음이나 마지막에 쓰일 때) 말을 늘리는 감탄사,선험,
ä,,,,,,"이미 언급되었거나 쉽게 알 수 있는 것 앞에 붙이는 관사; (문장의 마지막에 쓰일 때) 말을 늘리는 감탄사, [대화] 응.",선험,
acënt,맹세,맹세하는,맹세하다,,,,노 게임 노 라이프,aschente
açēntem,"중심, 가운데, 중간",가운데의,,,,,영어,center
açentemic,정오,,,,,,자소크어,açentem·hic
açentemisiros,오후,,,,,,자소크어,açentemic·siros
açentemisoris,오전,,,,,,자소크어,açentemic·soris
açentemoire,"수도, 최대 도시",,,,,,자소크어,açentem·hoire
açentenamÿrgo,주어,,,,,,자소크어,açentem·namÿrgo
açentenamÿrgorisque,주격,,,,,자소크어 명사의 격,자소크어,açentem·namÿrgorisque
açentesosanēma,"중앙시간선, 중앙시간띠",,,,,협정세계시의 중심이 되는 경도선,자소크어,açentem·sosanema
ad,,,,,"또한, 그리고",,영어,and
adōr,도구,편리한,,,,,선험,
ādras,,,,"아마, 추측컨대",,,선험,
agreturisiād,용의자,,,,,,선험,
agreturisiādàs,,용의자로 지목하다,,,,,자소크어,agreturisiad·-às
agreturisiādùque,,용의자로 지목받다,,,,,자소크어,agreturisiad·-ùque
aiaihe,,"갈라지는, 마르는","(생물이) 갈라지다, (생물이) 마르다",,,,선험,
aie,"8, 여덟, 팔",,,,,,영어,eight
aifidōm,"불법, 위법, 역법(逆法)",법을 어기는,법을 어기다; 어기다,"법을 어기게, 법을 어기도록",,,선험,
aikif,나무,,,,,,선험,
aikifūdie,열매,,,,,,자소크어,aikif·fudie
aikigrün,"잎, 잎파리, 잎싸귀, 나뭇잎",,,,,,자소크어,aikif·grün
aikipȳr,가지(枝),,,,,,자소크어,aikif·pyr
aikitutaÿr,숲,,,,,,자소크어,aikif·tutaÿr
aimy,상처,,,,,,프랑스어,aimer
ainshtainy,광석,,,,,,이름,Einstein
aison,,빈번한,,,,,선험,
aital,8월,,,,,,자소크어,aie·tal
akäh,단풍,,단풍이 들다,,,,고로바어,akaha
äla,,,,,,[대화] 안녕.,선험,
älin,,"움직이는, 옮는, 이동하는","움직이다, 옮다, 이동하다",,,,선험,
älinàs,,"옮기는, 움직이게 하는","옮기다; 움직이다, 움직이게 하다",,,,자소크어,älin·às
älinulipyn,"전염병, 역병",,,,,,자소크어,älinùque·lipyn
äliquīlas,여권,,,,,,자소크어,älin·quilas
alivāie,동물; 빨강,빨간,,,,,선험,
alivaifūdie,"고기, 육식",,,,,,라틴어,alibi
alivaisūçes,주황색,주황색의,,,,,자소크어,alivaie·suçes
alivaivatōr,"피, 혈액",,,,,,자소크어,alivaie·vator
alōn,사랑,사랑하는,사랑하다,"사랑하게, 사랑하도록",,,영어,alone
alonìe,연애,,,,,,자소크어,alon·-ìe
alonin,"애인, 연인",,,,,,자소크어,alon·quorsin
aloshil,가짜,가짜,,,,,선험,
aloshilam,"닉네임, 별명, 가명, 예명",,,,,,자소크어,aloshil·nam
aloshilinsürta,가정; 가설,,가정(假定)하다,,,,자소크어,aloshil·insürta
aloshisat,꿈,믿어지지 않는,꿈을 꾸다,,,,자소크어,aloshil·sat
ālque,지혜,지혜로운,,,,,유기화합물 명명법,alk
ālvesh,이해,이해하는,이해하다,,,,자소크어,alque·vesh
ame,,,,이미,,,선험,
ammīras,"인식, (존재의) 확인",인식하는,인식하다,,,,선험,
ammirasapēl,무시,무시하는,무시하다,,,,자소크어,ammiras·apel
anāna,파인애플,,,,,,학명,ananas
anda,"회의, 공동체, 당(黨); 의회",,"뜻을 합치다, 모이다, 단결하다",,,"shtelo는 자연발생한 느낌이 강한데 비해, anda는 의도적인 느낌이 강함",선험,
animarīe,,축하하는,축하하다,"축하하게, 축하하도록",,,영어,anniversary
animaritāg,"축일, 기념일",,,,,,자소크어,animarie·tag
anīska,,반가워하는,반가워하다,,,[인사] 안녕하세요,선험,
anīskas,,,,,,"[인사] 안녕하세요, 안녕하세요들 (많은 사람들에게)",자소크어,aniska·-is
änon,"구성, 짜임",,"구성하다, 이루다, 짜다",,,,선험,
änonatīo,구성국,,,,,,자소크어,änon·natio
anoromodifīa,"안전수칙, 안전 법률",,,,,,자소크어,anoroque·modifia
anorōque,안전,안전한,,"안전히, 안전하게",,,자소크어,korona
ānroid,,같은,"같은 상태로 있다, 같다",,,,이름,Android
anroidivashalōn,동성애,"동성애자인, 동성애의",같은 성별의 사람을 사랑하다,,,,자소크어,anroid·ivash·alon
anroidivashalōnin,동성애자,,,,,,자소크어,anroidivashalon·quorsin
anroifluktin,"룸메이트, 동거인",,,,,,자소크어,anroid·flukt·quorsin
anroishōlef,걱정,걱정하는,걱정하다,,,,자소크어,anroid·sholef
anroisīros,이후(以後),,,,,어떠한 시점을 기준으로,자소크어,anroid·siros
anroisōsaque,실시간,실시간의,,,,,자소크어,anroid·sosaque
apēl,,통하는,"통하다, 통과하다; 지나다","통하게; 지나게, 지나도록",,,선험,
apelōque,,지나는,지나가다,,,,자소크어,apel·moque
āple,데이지,,,,,,이름,애플
aplinatio,공국,,,,,,자소크어,aplis·natio
aplis,공작 (작위),,,,,,세멘티어,eplis
aprāt,"[의존] 정도, 만큼; 따위",,,,,,선험,
aprīl,낚시,사기치는; 낚는,사기치다; 낚시하다,,,,이름,四月は君の嘘
āqua,,앉은,앉다,,,,선험,
aquausīn,의자,,,,,,자소크어,aquaùque·quorsin
āque,,"깨는; 서는, 일어나는","깨다(起); 서다(立), 일어나다",,,,선험,
aquīks,,서있는,서있다,,,,자소크어,aque·iks
ärad,,,,무엇보다,,,자소크어,ät·rad
aravîta,"글자, 문자",,,,,,이름,윤아라
aresēr,깨달음,깨닫는,깨닫다,,,,선험,
ärge,년(年),,,,,,영어,year
argü,아래,,,,,,자소크어,ügra
asamarīt,,괘씸한,괘씸한 행동을 하다,,,,선험,
āsas,망치; 망치질,,망치질하다,,,,선험,
ashām,적음,적은,,,,,자소크어,masha
ashāque,"온도, 기온, 뜨거운 정도, 열",,,,,,선험,
ashasōsakat,송아지,,,,,,자소크어,ashasosaque·kat
ashasōsaque,,젊은,,,,,자소크어,ashaque·sosaque
ashta,별(星),,,,,,영어,asterion
äsias,느낌,느끼는,느끼다,,,,선험,
äsiasuque,,느끼는,느껴지다,,,,자소크어,äsias·-ùque
āsmo,모자,,,,,,선험,
asmotiskīe,곡절 부호 (â),,,,,,자소크어,asmo·tiskie
āst,선택,선택하는,선택하다,,,,선험,
āsus,고민,고민스러운,고민하다,,,,선험,
ät,"무엇, 무언가",기다리는,기다리다,,,,영어,what
atlad,,신비한,신비하게 굴다,,,,Kainé Salvation,azlad
atrüsnie,"거짓, 틀림","거짓의, 그릇된",,,,,자소크어,insürta
atrüsninoh,,틀림없는,,,,,자소크어,atrüsnie·noh
atrüsninsürta,"진짜처럼 보이는 거짓, 누구나가 거짓이라는 걸 알고 있지만 사실을 말하는 것, 또는 그 말",진짜처럼 보이는 거짓을 말하는; 자조적인,진짜인 거짓을 말하다,,,“그의 조국은 침략당했지만 행복했다. 새로운 조국을 얻었기 때문이다.”는 진짜처럼 보이는 거짓이다.,자소크어,atrüsni·insürta
atrüsnuat,거짓말,,거짓말을 하다,,,,자소크어,atrüsnie·uat
āuros,"척, 시늉","척하는, 흉내내는, 시늉하는","척하다, 흉내내다, 시늉하다",,,,이름,고로소
āv,"사양, 양보","사양하는, 양보하는","사양하다, 양보하다",,,,일본어,あ
avnamÿrgorisque,사양격,,,,,자소크어 명사의 격,자소크어,av·namÿrgorisque
äz,"분(分, minute)",,,,,,선험,
āz,,,,,-로써,,영어,as
ç,"6, 여섯, 육",,,,,,선험,
caçārsie,세디유(¸),,,,,,선험,
çāmis,종이,,,,,,일본어,紙
çānis,종이,,,,,çamis와 함께 복수표준으로 인정,선험,
çāps,소란,"소란스러운, 시끄러운","시끄럽게 하다, 소란스러운 일을 일으키다",,,,한국어,짭새
cārcar,"호접란, 난초",,,,,,선험,
cäv,,흔들리는,"흔들리다, 떨리다",,,,선험,
cebōna,잔디,,,,,,선험,
çein,하양,하얀,,,,,선험,
çēinieç,"어두운 회색, 회색",,,,,,자소크어,çein·nieç
çēsem,,가벼운,,가볍게,,,자소크어,meseç
çētal,6월,,,,,,자소크어,çe·tal
çiamūr,저위도,,,,,,자소크어,çiat·mur
çīat,,낮은,,,,,선험,
çiatashāque,,시원한,,,,,자소크어,çiat·ashaque
çiatùque,,,낮아지다,,,,자소크어,çiat·-ùque
çīn,"컵, 잔",,,,,,선험,
çiragāg,"닭(chicken), =çiragagéfudi",,,,,,영어,chicken
çiragagéfūdie,"치킨(음식), 통닭",,,,,,자소크어,çiragag·é·fudie
çiragagōl,"달걀, 닭알, 계란",,,,,,자소크어,çiragag·gol
circie,광장; 회의실,,,,,,선험,
çivuquadōr,개발 도구,,,,,,자소크어,çivuque·ador
çīvùque,개발,,,,,,자소크어,çiv-ùque
cōdih,,쉬운,,쉽게,,,자소크어,hidoc
çōnih,어둠,,,,,,자소크어,hinoc
çūshat,"통찰, 통찰력",,,,,,이름,슈카
çȳnad,관리,,"가꾸다, 관리하다",,,,자소크어,çynad
çȳnafashas,"관리소, 관리 업무를 도맡아 하는 공간",,,,,,자소크어,çynad·fashas
da,,,,,"-이, -가",,한국어,-가
dadie,,거대한,,,,,선험,
daditutaÿr,대륙,,,,,,자소크어,dadie·tutaÿr
dadivatomōque,파도,,,,,,자소크어,dadivator·moque
dadivator,"바다, 해양",,,,,,자소크어,dadie·vator
dadivatoralivāie,"해산물, 바다에 사는 동물",,,,,,자소크어,dadivator·alivaie
dadivatorickos,해변,,,,,,자소크어,dadivator·hickos
daf,조(兆),,,,,,선험,
däf,"1^40, 정(正)",,,,,,선험,
dāia,"읽기; 부름, 호출",읽는; 부르는,읽다; 부르다,,,,선험,
dāiakom,로딩,,"로딩하다, 불러오다",,,,자소크어,daia·kom
dāishat,지렁이,,,,,,에탕,daicjat
dāivaque,대박,대박인,,,,,한국어,대박
daks,수비,,방어하다; 저지하다,,,,자소크어,skad
dānn,,"아끼는, 소중한",아끼다,,,,선험,
dardar,,,,"점차, 점점, 차츰차츰",,,일본어,段々
darūt,,가까운,,"직접, 직접적으로",,,선험,
dasēque,디자인,,디자인하다,,,,선험,
dāsh,"저, 저것",,,,,,영어,that
dashīn,저 사람,,,,,,자소크어,dash·quorsin
dāsvyt,파괴,,부수다,,,,선험,
datērma,습관,,,,,,선험,
dé,,,,,"-의, -한 (of)",,에스페란토,de
degīas,"포옹, 허그",안는,안다(包),,,,선험,
degiasùque,,안기는,안기다(包),,,,자소크어,degias·-ùque
dēgro,,,,,"-도, -역시",,영어,degree
degronamÿrgorisque,야격,,,,,자소크어 명사의 격,자소크어,degro·namÿrgorisque
degroùie,,,,역시,,,자소크어,degro·-ùie
denām,,가능한,,,,,선험,
denamìe,가능성,,,,,,자소크어,denam-ìe
denquy,석영,,,,,,이름,Dänker
depretīa,해 질 녘; 무기력감,해 질 녘인; 무기력한,,,,,영어,depression
dēqus,"데크; 작은 모임, 소모임",,,,,,영어,deck
deqûsaikif,묘목,,,,,,자소크어,deqûs·aikif
dēv,,여는,열다,,,,선험,
dēv,개발,개발하는,개발하다,,,,영어,develop
dīa,그림,"그리는, 그림같은",그리다,,,,이름,nadia
diafāshas,스튜디오; 기획사,,,,,,자소크어,dia·fashas
dīakadas,도감(圖監),,,,,,자소크어,dia·kadas
diavīst,,그려주는,그려주다,,,,자소크어,dia·vist
diazerizūluo,예학(藝學),,,,,,자소크어,diazerizur·luo
diazerizūr,예술,,,,,,자소크어,dia·zerique·zur
diçōzaque,지금,,,(ùi와 함께) 일시적으로; (단독으로) 이 때에,,,자소크어,dis·zozaque
dīe,,,,,= dé y,,자소크어,de j
difāshas,"이곳, 여기",,,,,,자소크어,dis·fashas
dîka,"미학, 미술학, 미술",,,,,,자소크어,dia·ika
dimērda,표준,,,,,,선험,
dinadõr,악기,,,,,,자소크어,dino·ador
dīnes,"미션, 임무",,,,,,선험,
dīno,소리,,,,,,선험,
dinofāshas,노래방,,,,,,자소크어,dino·fashas
dinokrif,작곡,작곡하는,작곡하다,,,,자소크어,dino·krif
dinokrifin,작곡가,,,,,,자소크어,dinokrif·quorsin
dinoronāldis,믹싱 작업,(소리가) 조화로운,"화성(和聲)하다, 소리를 덧붙이거나 섞어서 조화를 이루다",,,,자소크어,dino·ronaldis
diolindys,"메뉴, 메뉴판",,,,,,자소크어,dios·lindys
diomoque,,해가는,"해감, 해나감",,,,자소크어,dios·moque
dionoiz,,하기 싫어하는,"하기싫어함, 하기싫음",,,,자소크어,dios·noiz
diōrna,,다른,,,,,자소크어,anroid
diornaäsias,"괴리감, 이상함, 불안함",,,,,,자소크어,diorna·äsias
diornaìe,"다름, 차이",,,,,,자소크어,diorna·-ìe
diornaitag,배려,배려하는,배려하다,,,,자소크어,diornain·tag
diornâs,구별,구별하는,구별하다,,,,자소크어,diorna·-às
diornasiran,,,배신하다,,,,자소크어,narisanroid
diornin,"타인, 다른 사람",,,,,,자소크어,diorna·quorsin
diornuat,"방언, 사투리",,,,,,자소크어,diorna·uat
dios,,하는,하다,,,,영어,do
diosàd,,할 것인,할 것이다,,,,자소크어,dios·-àd
diosazur,사동(使動),,,,,,자소크어,diosàs·zur
diosè,,한,했다,,,,자소크어,dios·-è
diosìç,,하고 있는,하고 있다. 한다,,,,자소크어,dios·-ìç
diosuquin,"하인, 집사; 노예 (존비중립)",,,,,,자소크어,diosùque·quorsin
diosuzur,피동(被動),,,,,,자소크어,diosùque·zur
diovist,,해주는,해주다,,,,자소크어,dios·vist
diovizash,,해보는,해보다,,,,자소크어,dios·vizash
dis,"이, 이것",이러한,이러하다,,,,영어,this
disa,미래,[disaé],,,,,자소크어,dis·-àd
disatag,예상,예상하는,예상하다,,,,자소크어,disa·tag
dise,"과거, 역사",[disê],,,,,자소크어,dis·-è
disetag,후회,후회하는,후회하다,,,,자소크어,dise·tag
disic,오늘,,,,,,자소크어,dis·hic
disie,"현재, 넓은 의미의 지금",[disié],,,,,자소크어,dis·-ìç
disin,이 사람,,,,,,자소크어,dis·quorsin
disisosaque,"최근, 요즘, 요새",오늘날의,,,,,자소크어,disie·sosaque
disoçam,피해,,피해를 받다,,,,자소크어,maçosid
disoçamin,"피해자, 피해를 본 사람",,,,,,자소크어,disoçam·quorsin
disoçaneistig,피난,,"피난하다, 피난가다",,,,자소크어,disoçam·neistig
disosaque,"이제, 앞으로 (시간)",,,,,,자소크어,dis·sosaque
do,"어떤, 어느",,,어떻게,,,일본어,どれ
dofashas,"어디, 어느 곳",,,,,,자소크어,do·fashas
dokom,,지내는,"지내다, 살아오다",,,,자소크어,dot·kom
doliah,집; 가정(장소),가정적인,,,,,선험,
doliahin,가족,,,,,,자소크어,doliah·in
doliashtelo,가정(사회),,,,,,자소크어,doliah·shtelo
doliquet,서바이벌 모드 (마인크래프트),,,,,,자소크어,dot·liquet
domarsh,,,,"왜, 어찌하여, 어째서",,,자소크어,do·marsh
dos,"10, 열, 십",,,,,,선험,
dosfatal,14월 (내년 2월),,,,,,자소크어,dosfa·tal
dosital,11월,,,,,,자소크어,dosie·tal
doslital,12월,,,,,,자소크어,doslie·tal
dossotal,13월 (내년 1월),,,,,,자소크어,dosso·tal
dostal,10월,,,,,,자소크어,dos·tal
dot,,사는(生),살다,,,,자소크어,tod
dotika,,"몇몇의, 몇",,,,,자소크어,do·tika
doùie,,,,어떻게,,,자소크어,do·-ùie
doùsua,,,,(단독으로) 어쩌면,,,자소크어,do·-ùsua
dovrie,,"불편한; 석연치 않은, 마음에 들지 않는; 찝찝한",,,,,러시아어,доброе
dozikaämel,시오후키,,,,,,자소크어,dozir·kaämel
dozimicin,욕심 많은 광부,,,,,,자소크어,dozir·micin
dozimicinéstara,욕심 많은 광부 이야기,,,,,,자소크어,dozimicin·é·stara
dozimoga,"복수(複數), 여러 개가 있는 모양",여러 개가 있는,,,,,자소크어,dozir·moga
dozimogaport,다항식(수학),,,,,,자소크어,dozimoga·port
dozimogaÿrgo,"복수어, 복수명사",,,,,,자소크어,dozimoga·ÿrgo
dozir,,욕심 많은,,,,,선험,
dozozaque,"언젠가, 언제",,,,,,자소크어,do·zozaque
draviàs,상징; 증명,,"나타내다, 보이게 하다, 보여주다",,,,자소크어,dravie·-às
dravie,등장,,나타나다,,,,선험,
drēgon,드래곤,,,,,,영어,dragon
drivash,,운전하는,운전하다,,,,영어,drive
drivashin,운전자,,,,,,자소크어,drivash·quorsin
duger,,괜찮은,,,,,선험,
duiros,실수,실수하는,실수하다,,,,선험,
dumal,용기,,,,,,선험,
duol,위로(癒),위로하는,위로하다,,,,선험,
durash,"탐험, 모험","탐험하는, 모험하는","탐험하다, 모험하다",,,,선험,
durashtelo,"탐험대, 탐험단",,,,,,자소크어,durash·shtelo
dürzia,"뜻, 의미","뜻하는, 의미하는","뜻하다, 의미하다",,,,선험,
dürziaìe,신호,,,,,,자소크어,dürzia·-ìe
dürziâs,,"정하는, 정의하는","정하다, 정의하다",,,,자소크어,dürzia·-às
dürziatomaravîta,절의문자(x),,,,,,자소크어,dürzia·tom·aravîta
dutis,,,굽다,,,< duthis,선험,
duva,"큐브, 루빅스 큐브",,,,,,선험,
é,,,,,"-의, -한",,선험,
ë,,,,"당연히, 물론",,,선험,
eçàs,업보청산,,,,,,자소크어,eçy-às
eçy,"운(運, luck)",운이 좋은,,,,,에탕,Étten
eçylofanuque,운론,,,,,자소크의 종교,자소크어,ecy·lofanùque
eglika,영어(지역중립어),,,,,,영어,english
eidaçel,지역; 주(州),,,,,,선험,
eidaçenatiaçentem,주 정부(州政部),,,,,,자소크어,eidaçel·natiaçentem
eilets,불행,불행한,,,,,자소크어,eilets
eiletsteliê,,다행인,,다행히도,,,자소크어,eilets·stelie
eledraviàs,"꺾쇠 표시(운명표), <, >",,,,,,자소크어,elen·draviàs
elen,운명,,,,,,선험,
elifashas,은행,,,,,,자소크어,elit·fashas
eliluo,경제학,,,,,경제 구조와 그 메타적인 이해를 연구하는 학문. 실질경제학(elitika)과는 다르다.,자소크어,elit·luo
elit,돈,돈이 많은,,,,,슈텔로 경제 프로토콜,ē
elitag,자본주의,자본주의적인,,,,,자소크어,elit·tag
elitika,실질경제학,,,,,현재 경제 구조에서 어떻게 경제 구조를 활용하는지에 대한 학문. 공인중개사 등이 실질경제학자에 해당한다.,자소크어,elit·ika
engie,오렌지,,,,,,이름,Enji
enifia,"부서, 관청(官廳)",,,,,,선험,
enifiain,청장,,,,,,자소크어,enifia·quorsin
enim,반대,반대하는,"반대하다, 반(反)하다",,,,자소크어,mine
enos,용(龍),,,,,,선험,
entag,,어지러운,,,,,러냐어,ntag
enüra,"사실, 보고 느낀 것; 채(儘)",,,,,,자소크어,insürta
epinär,곡괭이,,,,,,선험,
erashenîka,정치; 행정,,"정치하다; 행정하다, 행정처분하다",,,,자소크어,erasheniluo·ika
erashenîkanuiz,행정부,,,,,,자소크어,erashenîka·nuiz
erasheniluin,철학자; 교수,,,,,이 단어만 특별하게 복수형이 erasheniluins이다. erasheniluinis가 아니다.,자소크어,erasheniluo·quorsin
Erasheniluins dé Zasoque,자소크 철학단,,,,,,자소크어,
erasheniluo,철학; 입법,철학하는,철학하다,,,,선험,
erç,,,,아직,,,선험,
ereuv,왼쪽,,,,,,자소크어,vuere
erneüsnoque,,똥같은,,,,,선험,
eruçel,"강좌, 튜토리얼, 강의",,,,,,선험,
esleid,,숨기는,숨기다,,,,영어,bobsleigh
esleidùque,,숨는,숨다,,,,자소크어,esleid·-ùque
esv,,철저한,,철저하게,,,선험,
eva,시(市),,,,,,선험,
ezit,"금방, 곧",,,벌써,,,선험,
fa,"4, 넷, 사",,,,,,한국어,사
fahülien,4차원,,,,,,자소크어,fa·hülien
fakarommaque,콰르텟,,,,,,자소크어,fa·karommaque
famiet,표창,,,,,,자소크어,fa·miet
farum,달(천체),,,,,,선험,
faruminoc,달빛,,,,,,자소크어,farum·hinoc
fashanamÿrgorisque,소격(所格),,,,,자소크어 명사의 격,자소크어,fashas·namÿrgorisque
fashas,"장소, 곳",,,,,,에스페란토,plaĝo
faspa,파,,,,,,선험,
fataimyhivin,"선조보호자; 선조부모님, 오대조부모님",,,,,,자소크어,fa·taimyhivin
fatal,4월,,,,,,자소크어,fa·tal
fäva,복통,배가 아픈; 불편한,,,,,선험,
felia,복숭아,,,,,,이름,펠라인카이아
felosh,기쁨,기쁜,기뻐하다,,,,스페인어,feliz
fera,얼굴,,,,,,영어,face
fermy,철(원소),,,,,,라틴어,ferrum
fermymaka,제철,철을 다루는,"제철하다, 철을 다루다",,,,자소크어,fermy·maka
fermyvesh,제련,,제련하다,,,,자소크어,fermy·vesh
finiço,프니초 (발로타에서 나는 차(茶)),,,,,,파셀어,fniço
firad,불,태우는,태우다,,,,영어,fire
firadashalin,소방차,,,,,,자소크어,firad·hashalin
firakryt,연기(燃氣),,훈연하다; 훈제하다,,,,자소크어,firad·kryt
fisharo,,공식(official),,,,,영어,official
fiumyhiv,,"수호하는, 지키는","수호하다, 지키다",,,주로 의도된 공격에 대해,자소크어,fiun·myhiv
fiun,"전쟁, 싸움",싸우는,싸우다,,,,선험,
fiunador,무기,,,,,,자소크어,fiun·ador
fiunin,"군인, 군사; 선수",,,,,,자소크어,fiun·quorsin
fiushtelo,"부대, 자대",,,,,,자소크어,fiun·shtelo
fiutodisoçam,군사상,,군대에서 죽거나 다치다,,,,자소크어,fiun·todisoçam
fiutodisoçamin,군사상자,,,,,,자소크어,fiutodisoçam·quorsin
fizalv,평화,평화로운,,,,,선험,
flago,,귀여운,,,,,영어,flamingo
flukom,,살아오는,살아오다,,,,자소크어,flukt·kom
flukt,"영혼, 혼령, 생명; 삶, 인생",살아있는,"생명이 있다, 살다",,,dot에 비해 flukt는 의미 있는 삶을 산다는 느낌,양자역학,fluctlight
flusosaque,일생,,,,,,자소크어,flukt·sosaque
fluvaisausentrah,"의식(意識), 정신(精神)",,,,,,자소크어,flukt·vaisausentrah
fluvaisausentraniofashas,"데이터베이스; 의식보관소, 정신보관소",,,,,"인간의 의식을 데이터화하여 보존할 제에, 그 의식을 보관하는 장소",자소크어,fluvaisausentrah·niofashas
fogul,개구리,,,,,,슈텔로 은어,뽀굴
foløm,길이,(n-folømé의 형태로) 길이가 n인,,,,,선험,
folømalus,,짧은,,,,,자소크어,foløm·halus
folømalusàs,요약,,요약하다,,,,자소크어,folømalus·-às
folømalusosaque,"잠시, 잠깐, 짧은 시간",,,"잠깐동안, 잠시",,,자소크어,folømalus·sosaque
foløsulah,,긴(長),,,,,자소크어,foløm·sulah
foløsulasemüniash,긴 단어 공포증,,,,,,자소크어,foløsulah·semüniash
fømiash,=foløsulasemüniash,,,,,,자소크어,foløsulasemüniash
fonod,뿔,,,,,,선험,
fontlan,,맛있는,,,,,에탕,fontlan
føtler,,뜨는,뜨다(浮),,,,영어,imposter
fsalis,,웃게 하는,"웃게 하다, 웃기다",,,,선험,
fsalisùque,,웃는,웃다,,,,자소크어,fsalis·-ùque
fsalisuvist,,,웃어주다,,,,자소크어,fsalisùque·vist
ftidino,잔음 (ell[엘르] 같은 것),,,,,,자소크어,ftie·dino
ftie,나머지,남는,남다,,,,선험,
ftîks,,남아있는,남아있다,,,,자소크어,ftie·iks
fudie,음식,,,,,,영어,food
gäf,"재(載, 10^44)",,,,,,선험,
gago,,짖는,짖다,,,,러냐어,gako
gaie,"10000, 만(萬)",,,,,,선험,
gäinnamÿrgorisque,종착격,,,,,자소크어 명사의 격,자소크어,gäit·namÿrgorisque
gäit,종료,"종료하는, 끝나는, 멈춘","종료하다, 끝나다, 멈추다",,,,자소크어,tiäg
gaitevo,,,,가끔,,,선험,
gamaçamis,"원서, 지원서, 신청서",,,,,,자소크어,gaman·çamis
gaman,,원하는,원하다,,,,일본어,我慢
gantika,토끼,,,,,,선험,
gaque,,"엄격한, 실수하지 않는",실수하지 않고 정확하게 일을 처리하다,엄격하게,,,선험,
gat,감성,,,,,,선험,
gav,,,"가지지 않다, =vagàh",,,,자소크어,vag
gaveçy,자유운 (운론),,,,,,자소크어,gav·eçy
gavyçe,자유업 (운론),,,,,,자소크어,gav·yçe
gaynie,익숙함,익숙한,,,,,이름,가오니
genes,평균; 기대치,,,,,,선험,
gepo,문,,,,,,한국어,개표
geshtakriluo,전자공학,,,,,,자소크어,geshtal·krif·luo
geshtal,전기,,,,,,독일어,Gestalt
geshtalin,전자,,,,,,자소크어,geshtal·quorsin
geshtalinoc,전등,,,,,,자소크어,geshtal·hinoc
geshtaluat,전화,,,,,,자소크어,geshtal·uat
geshtaluatin,"전화기, 휴대폰",,,,,,자소크어,geshtaluat·quorsin
gidalivaisuçes,갈색,갈색의,,,,,자소크어,gido·alivaisuçes
gido,,어두운,"어둡게 하다, 점멸하다",,,,선험,
gie,,,,,-에게,,선험,
gifanamÿrgorisque,어격,,,,,자소크어 명사의 격,자소크어,not(=svofas)·namÿrgorisque
gifas,,,,,-에게는,,자소크어,gie·fas
girod,,듣는,듣다,,,,선험,
giropota,,,듣고 적다,,,,자소크어,girod·pota
girovizash,,들어보는,"(소리를, 얘기를) 들어보다",,,,자소크어,girod·vizash
gistarie,거리(距離),,,,,,선험,
gitrudiska,귀찮음,귀찮은,,,,,선험,
gizyque,,"당(當)하는, 수준에 맞는","당(當)하다, 수준에 맞다",,,,스텔로 은어,끄적
glakrif,프로그래밍,프로그래밍하는,프로그래밍하다,,,,자소크어,glas·krif
glakrifin,"프로그래머, 개발자",,,,,,자소크어,glakrif·quorsin
glas,프로그램,,,,,,영어,glass
glish,,나는(飛),날다,,,,영어,glide
glishàs,,,"날리다, 던지다",,,,자소크어,glish·-às
glishin,비행기,,,,,,자소크어,glish·quorsin
godravias,"45도 회전해있는 정사각형, 마름모, ◇",,,,,,자소크어,Goh·draviàs
godrish,독,,,,,,선험,
gol,"알(egg, 卵)",,,,,,선험,
golis,"언니, 누나",,,,,,선험,
goly,금,,,,,,영어,gold
gom,고무,,,,,,영어,gum
gom,저녁,,,,,,자소크어,mog
gomie,김,,,,,,선험,
gor,,위하는,위하다(for),"위해, 위해서",,,영어,for
gotot,,,중성화하다,,,,이름,고로소
grosgesdaie,,가망있는,,,,,슈텔로 은어,그렇겠다
grum,위치,,,,,,선험,
grummatikapota,자릿수,,,,,,자소크어,grum·matikapota
grün,"초록색, 녹색",,,,,,독일어,grün
grüpradol,청록색,,,,,,자소크어,grün·pradol
guarda,윤리,윤리적인,,,,,선험,
guardaluo,윤리학,,,,,,자소크어,guarda·luo
gugl,검색,,검색하다,,,,이름,Google
ha,,,,"때문에, 의해, 인해",,,선험,
hà-,,,,,,3인칭복수어미,자소크어,hira
halupyr,미분; 미분계수,,미분하다,,,,자소크어,halus·pyr
haluryp,적분,,적분하다,,,,자소크어,halus·ryp
halus,,작은,,,,,자소크어,sulah
halusat,미시세계(물리학),,,,,,자소크어,halus·sat
halusirosh,"방금, 아까, 조금 전(시간)",,,,,,자소크어,halus·irosh
hanaque,거미,,,,,,이름,하나코
hanarisanroid,"자신에 대한 믿음, 자신감",,,,,,자소크어,has·narisanroid
hanökrif,창업,창업하는,창업하다,,,,자소크어,kanös·krif
hanös,"일, 사건; 현상",,,,,,선험,
hanür,"밥, 주식(主食)",,,,,,선험,
hanüràs,,,"먹이다, 밥을 주다, 배부르게 하다",,,,자소크어,hanür·-às
hanürunas,,배고픈,,,,,자소크어,hanür·unas
hanüsiros,"디저트, 후식",,,,,,자소크어,hanür·siros
hapar,"자기 자랑, 자기 PR",,자기자랑하다,,,,자소크어,has·par
harçamoque,,,"놀러 가다, 놀러가다",,,,자소크어,harçat·moque
harçat,,,"(주로 밖에서, 활동적으로) 놀다",,,,이름,하루나비
hârg,,단(甘),,,,,선험,
harnagirod,,,harnav해서 듣다,,,,자소크어,harnav·girod
harnav,,,"어떠한 내용을 상정하거나 전제했다고 가정하다, 합의하지 않았지만 암묵적으로 그러하다고 정하다",,,,이름,Harunabi
harnavuat,,,harnav해서 말하다,,,,자소크어,harnav·uat
has,자신,,,,,,한국어,자신
hasfen,절반,절반의,,약간은,,,일본어,半分
hashal,운반,운반하는,운반하다,,,,자소크어,hashalin
hashalin,자동차,,,,,,선험,
hâshtain,사탕,,,,,,자소크어,hârg·shtain
haskaämel,"자위, 수음",,,,,,자소크어,has·kaämel
hat,맛,,,,,,한국어,맛
hatodas,자살,자살하는,자살하다,,,,자소크어,has·todàs
hazidiorna,,"특별한, 비범한",,,,,자소크어,hazie·diorna
hazidiornaìe,"특이성, 특이점",,,,,,자소크어,hazidiorna·-ìe
hazie,,특(特)한,,,,,이름,하지
helaris,"교착상태, 데드락",교착 상태에 빠지는,교착 상태에 빠지다,,,,이름,"엘나, 할라"
hep,대안,"대신하는, 보조적인",대신하다,,,,이름,HE_P_
hepÿrgo,"대어(대명사, 대동사, 조사)",,,,,,자소크어,hep·ÿrgo
hetem,분실,잃는,잃다,,,,선험,
hic,"날, 일(日)",,,"하루종일, 종일",,,일본어,日（ひ）
hickos,"끝 부분, 구석; 변(수학)",,,,,,선험,
hickosàs,,,(구석으로) 몰다,,,,자소크어,hickos·-às
hickosinoc,박명(薄明),,,,,,자소크어,hickos·hinoc
hidoc,,어려운,,,,,일본어,ひどい
hidocìe,"난이도, 어려운 정도",,,,,,자소크어,hidoc·-ìe
higary,계절,,,,,,선험,
hikos,"옆; 근처, 주변 환경; 곁",,,,,,선험,
himoga,날씨,,,,,,자소크어,hic·moga
himogas,기후,,,,,,자소크어,himoga
hinoc,빛; 색,,,,,,일본어,光
hinocapel,,투명한,,,,,자소크어,hinoc·apel
hinocésülien,빛의 3원색,,,,,,자소크어,hinoc·é·sülien
hinokenin,"스테인드 글라스, 색유리",,,,,,자소크어,hinoc·kenin
hinokenisiulü,색유리판,,,,,,자소크어,hinokenin·siulü
hinotemp,,빛나는,빛나다,,,,자소크어,hinoc·temp
hinotiäg,,,빛을 내기 시작하다,,,,자소크어,hinoc·tiäg
hiquin,기타(其他),,,,,,자소크어,his·quin
hira,그 사람들,,,,,,선험,
hiro,그 사람,,,,,,선험,
his,"그, 그것",,,,,,영어,his
hisin,그 사람,,,,,,자소크어,his·quorsin
hò-,,,,,,3인칭단수어미,자소크어,hiro
hoire,"도시, 마을",,,,,,선험,
horço,"지, 그(비칭)",,,,,3인칭 단수,자소크어,hiro·norço
horços,"지네들, 그들(비칭)",,,,,3인칭 복수,자소크어,horço·-is
hotâr,새벽,,,,,,일본어,蛍
hoy,"사이, 관계; 간격",,,,,,일본어,方
hoymatika,대수학,,,,,,자소크어,hoy·matika
hoyÿrgo,"관계언, 조사",,,,,,자소크어,hoy·ÿrgo
hoyzur,연산,,,,,,자소크어,hoy·zur
hoze,장미,,,,,,영어,rose
hugenie,산,,,,,,선험,
hugenivirogas,등산,등산하는,등산하다,,,,자소크어,hugenie·virogas
hülielofanis,순수학문,,,,,,자소크어,hülien·lofanis
hülien,"기본, 기초, 기반, 기저",,,"원래, 원래대로라면",,,이름,HYUI
hülienìe,차원; 순수함,,,,,,자소크어,hülien·-ìe
humit,"거리, 길",,,,,,선험,
îc,하루,,,,,,자소크어,j é hic
íe,,,,,= é y,,자소크어,é j
ifor,주먹,,,,,,선험,
ika,(특히 결과와 실무를 중심적으로 다루는) 학문,,,,,,선험,matika
ikain,실무학자,,,,,,자소크어,ika·quorsin
ikaluo,학문,,,,,,자소크어,matika·erasheniluo
iks,,"있는, 존재하는","있다, 존재하다",,,< iksis,영어,exist
iksìe,"존재, 실재하는 것",,,,,,자소크어,iks·-ìe
il,"5, 다섯, 오",,,,,,선험,
iltal,5월,,,,,,자소크어,il·tal
imarsh,"존재 이유, 의의",,,,,,자소크어,iks·marsh
imiet,창(矛),,,,,,선험,
inar,"머리, 두부(頭部)",,,,,,선험,
inatailes,"머리카락, 머리털, 두발",,,,,,자소크어,inar·tailes
inatantiflukçozaque,"태어난 때, 태어날 때, 태어난 때",,,,,,자소크어,inatantish·flukt·zozaque
inatantifluktic,생일,,,,,,자소크어,inatantish·flukt·hic
inatantilofafashas,초등학교,,,,,,자소크어,inatantish·lofafashas
inatantilofafashasin,초등학생,,,,,,자소크어,inatantilofafashas·quorsin
inatantish,처음,,,,,,선험,
inatantishalon,첫사랑,,,,,,자소크어,inatantish·alon
inatantishozaque,"태어난 때, 출생의 순간, 태어났을 때",,,,,,자소크어,inatantish·zozaque
indrome,술,마시는,마시다(飮),,,,영어,syndrome
inel,,떨어지는(落),떨어지다(落),,,,차넬라,inela
inesharika,관철,관철하는,관철하다,,,,자소크어,erasheniluo
inofashas,"상점, 가게",,,,,,자소크어,inos·fashas
inos,,,사다(買),,,,선험,
insürta,"진실, 진리, 실제, 참, 정답, 정의",옳은,맞다,,,[대화] 그러고 보니까,선험,
insürtaçamis,답지,,,,,,자소크어,insürta·çamis
insürtaluo,실과(實科),,,,,,자소크어,insürta·luo
insürtamatikapota,실수(수학),,,,,,자소크어,insürta·matikapota
insürtaquê,참깨,,,,,,자소크어,insürta·quê
insürtaquepamp,참깨빵,,,,,,자소크어,insürtaquê·pamp
insürtatrüsnie,"거짓 진실, 제3의 거짓말; 속임수",유리한 방식으로 대화를 이끌어가는,"거짓처럼 들리는 진실을 말하다, 제3의 유형으로 거짓말을 치다; 자신에게 유리한 방식으로 대화를 이끌어가다",,,“밥 먹었어?”라는 질문에 “부엌에 김치찌개 있더라구요”라고 말하는 것은 거짓 진실을 말한 것이다. 이 말은 김치찌개를 먹었다는 의미로 해석될 수 있기 때문이다.,자소크어,insürta·atrüsnie
insürtavaisausentrah,"도덕, 덕(德); 알짜힘(물리학)",덕이 있는,,,,,자소크어,insürta·vaisausentrah
insürtiks,,실재하는,실재하는,,,,자소크어,insürta·iks
iom,이온,,,,,,영어,ion
iomvesh,이온화,이온화하는,이온화하다,,,,자소크어,iom·vesh
ironaris,"물음, 질문",묻는,묻다(問),,,,자소크어,irosh·naris
irosh,"전, 예전",예전,,,,,선험,
iroshalonin,"전 애인, 전 연인",,,,,,자소크어,irosh·alonin
irvod,,"편안한, 편한; 명쾌한",,,,,자소크어,dovri
itar,보정,맞추는,맞추다,,,,선험,
ivaneçosin,성소수자,,,,,,자소크어,ivash·neçosin
ivash,성별,,,,,,선험,
ivat,준비,준비하는,준비하다,,,,선험,
ivatùque,,"준비되는, 준비된",준비되다,,,,자소크어,ivat·-ùque
iveque,모래,,,,,,선험,
ivetutaÿr,사막,,,,,,자소크어,iveque·tutaÿr
iz,,"인 (是, being)",이다 (是; to be),,,,영어,is
izah,"보통, 평범","보통의, 평범한",,"보편적으로, 평범하게",,,선험,
izahanroid,,,,"평소와 같이, 특별하지 않게",,,자소크어,izah·anroid
j,,,,,[문어] 고유명사 앞에 붙는 관사,,선험,
j,"1, 하나, 첫","하나의, 한; 일번; 가장",,일단,,,한국어,일
j 'Chrisancthés'[krisanntes],크리상테스,,,,,Liszt,크리상테스,Chrisancthés
j ‘Bruxelles’[vgushell],브뤼셀 (프랑스의 도시),,,,,,프랑스어,Bruxelles
j ‘Toki Pona’[toki-pona],"토키 포나, 도기 보나",,,,,,토키 포나,toki pona
j ‘United States of America’[ünaitiçteiçovamērika],"미합중국, 미국",,,,,,영어,The United States of America
j Berquam[verquam],베르쿠암,,,,,,베르쿠암,Berquam
j Britain[vritin],영국,,,,,,영어,Britain
j Christmas[krismas],크리스마스,,,,,,영어,Christmas
j cosyn,북한,,,,,,한국어,조선
j Dametasia,다메타시아,,,,,,이름,
j Deutsch[doic],독일,,,,,,독일어,Deutsch
j Didopoikas,디도포이카스 덱,,,,,,선험,
j Felin[felain],펠라인,,,,,Compass Cat,펠라인카이아어,Felin
j Felinkia[felainkaia],펠라인카이아,,,,,,펠라인카이아어,Felinkia
j Français[fhonnse],프랑스,,,,,,프랑스어,Français
j Google[gugl],구글 (https://www.google.com/),,,,,,이름,Google
j Halloween[halouin],할로윈,,,,,,영어,Halloween
j Lëtzebuerg[leçevuesh],룩셈부르크,,,,,,룩셈부르크어,Lëtzebuerg
j Lyskad[liskad],"듀오블록 게임, 공수교대 게임 (슈텔로 민속놀이)",,,,,,크리산테 자소크어,liskad
j Minecraft[mainkraft],마인크래프트,,,,,,이름,Minecraft
j Naver[neivy],네이버 (https://www.naver.com/),,,,,,이름,Naver
j nihonn,일본,,,,,,일본어,日本
j nihonnéspika,일본어,,,,,,자소크어,j nihonn·é·spika
j Pakatin,파카틴 (디도포이카스로 즐기는 카드게임),,,,,,트라벨레메,pakatin
j russiä,러시아,,,,,,러시아어,Руссий
j Sch[scie],스치,,,,,,이름,스치
j Shtelo,슈텔로,,,,,,이름,슈텔로
j Simetasich[simetasis],시메타시스,,,,,,시메타시스어,Simetasich
j sovëtékaronatio,소비에트 연방,,,,,,자소크어,j sovét·é·karonatio
j sovëtski,소비에트,,,,,,러시아어,Советских
j Türkije[tuirkie],"터키, 튀르크",,,,,,터키어,Türkiye
j Twitter[tuity],트위터 (https://twitter.com),,,,,,이름,Twitter
j Vocaloid[vokaloid],보컬로이드,,,,,,이름,Vocaloid
j VRChat[viācat],VRChat,,VRChat을 하다,,,,이름,VRChat
j YouTube[ütüv],유튜브 (https://www.youtube.com/),,,,,,이름,YouTube
j Zemin,재민(자소크어 문자),,,,,,이름,재민
j Zhongguo[zonngō],중국,,,,,,중국어,中国
j Zhongguoéspika,중국어,,,,,,자소크어,j Zhongguo·é·spika
j',,,,,=y,,자소크어,j
j'Africa[afrika],아프리카,,,,,,이름,아프리카
j'America[amērika],미국,,,,,,영어,America
j'America[amērika]éuaçinta,미국 영어 발음,,,,,,자소크어,j America[amerika]·é·uaçinta
j'Android,안드로이드,,,,,,이름,안드로이드
j'Angle,앵글로,,,,,,영어,Anglo
j'Angleéspika,"영어, 영국어",,,,,,자소크어,j Britain[vritin]·é·spika
j'Angleúaçinta,영국 영어 발음,,,,,,자소크어,j Britain[vritin]·é·uaçinta
j'Arduino,아두이노,,,,,,이름,아두이노
j'Asia,아시아,,,,,,이름,아시아
j'elada,그리스,,,,,,그리스어,Ελλάδα
j'España[espanä],스페인,,,,,,스페인어,España
j'Esperanto,"에스페란토, 에스페란토어",,,,,,에스페란토,Esperanto
j'Europa,유럽,,,,,,이름,유럽
j'hanguque,한국,,,,,,한국어,한국
j'hanguquéspika,"한국어, 한국말",,,,,,자소크어,j'hanguque·é·spika
j'Hemelvaarht[emelvârt],헤멜바르트,,,,,,트라벨레메,Hemelvaarht
j'ukraina,우크라이나,,,,,,우크라이나어,Україна
jnam,"이름 (성, 씨를 포함하지 않음)",,,,,,자소크어,j·nam
jquorsin,"혼자, 외톨이","혼자 있는, 외톨이인",,,,,자소크어,j·quorsin
jquorsinuat,혼잣말,중얼대는; 혼잣말하는,중얼대다; 혼잣말하다,,,,자소크어,jquorsin·uat
jsonam,"일씨(一氏), 부모님 가족의 이름",,,,,,자소크어,j·sonam
jtal,1월,,,,,,자소크어,j·tal
jülien,일차원,간단한,,,,,자소크어,j·hülien
jülieskie,직선,,,,,,자소크어,j·hülien·ski
jvesh,독립,"독립적인, 독자적인; 독립하는",독립하다,,,,자소크어,j·vesh
jzozamoque,순간이동,,순간이동하다,,,,자소크어,jzozaque·moque
jzozaque,"순간, 찰나",,,,,,자소크어,j·zozaque
kaäd,,엉성한,,,,,선험,
kaämel,오르가즘,오르가즘을 느끼는,오르가즘을 느끼다,,,,프랑스어,caramel
kaämelator,정액,,,,,,자소크어,kaämel·vator
kadadoilah,도서관,,,,,,자소크어,kadas·doliah
kadas,"책, 도서",,,,,,선험,
kafçie,눈(目),,,,,,선험,
kafçinema,시선,,,,,,자소크어,kafçie·nema
kafçivator,눈물,,,,,,자소크어,kafçie·vator
kafçivîkun,눈빛,,,,,,자소크어,kafçie·vîkun
kafe,커피,,,,,,프랑스어,café
kafelate,카페라떼,,,,,,이탈리아어,caffé latte
kaif,,귀찮은,,,,,선험,
kainar,은방울꽃,,,,,,일본어,解の有り様
kalito,현(懸),,,,,,선험,
kano,눈(雪),,,,,,이름,雪ノ下雪乃
kanoquorsidasvytin,"눈사람 파괴자, 눈사람을 부수고 다니는 사람 ",,,,,,자소크어,kanoquorsin-dasvyt-quorsin
kanoquorsin,눈사람,,,,,,자소크어,kano·quorsin
kaquat,가사(歌詞),,,,,,선험,
karma,업보,,,,,,산스크리트어,कर्म
karodios,,"함께하는, 같이하는, 협업하는; 겸하는","함께하다, 같이하다, 협업하다; 겸하다",,,,자소크어,karop·dios
karokarotataiquorsinatio,사회주의 공화국 연방,,,,,,자소크어,karop·karotataiquorsinatio
karomaneie,연대책임,,,,,,자소크어,karop·maneie
karommaque,합창,,,,,,자소크어,karop·maque
karonatio,"연방국, 연합국",,,,,,자소크어,karop·natio
karop,,,,"함께, 같이; 동시에",,,선험,
karoskie,"연합, 협력",,,,,,자소크어,karop·skie
karoskinamÿrgorisque,수반격,,,,,자소크어 명사의 격,자소크어,karoskie·namÿrgorisque
karospika,"공용어, 공통어",,,,,,자소크어,karop·spika
karotag,사회주의,,,,,,자소크어,shtelo·tag
karotanatio,사회주의국가,,,,,,자소크어,karotag·natio
karotataiquorsinatio,사회주의 공화국,,,,,,자소크어,karotag·taiquorsinatio
karotrend,약속,약속하는,약속하다,,,,자소크어,karop·trend
kat,"소(牛, cow)",,,,,,선험,
kav,,"관련된, 관한, 대한","관련하다, 관하다(關), 대하다(對)",,,,선험,
kavisia,"해면, 스폰지",,,,,,선험,
kemîka,화학,,,,,,영어,chemistry
kenin,유리,,,,,,선험,
kenisiulü,유리판,,,,,,자소크어,kenin·siulü
kenken,다우니 색 (#6CCCCC),,,,,,이름,zer0ken
kimes,"언론, 기사(article)","언론, 기사(article)",,,,,선험,
kiskokakiksaktakomkos,잰말놀이 문장,,,,,,자소크어,kiskokakiksaktas·komkos
kiskokakiksaktas,잰말놀이,발음하기 어려운,,,,,선험,
kitimäf,남극,,,,,,자소크어,kitish·mäf
kitimäninema,남극야선,,,,,,자소크어,kitish·mänit·nema
kitimur,남위,,,,,,자소크어,kitish·mur
kitimurashitnatanie,남회귀선,,,,,,자소크어,kitish·muraf·shitnatanie
kitish,"남, 남쪽",,,,,,선험,
koan,화해; 용서,용서하는,용서하다,,,,선험,
kokat,엉덩이,,,,,,선험,
kom,,오는,오다(來),,,,영어,come
komkos,문장,,,,,,선험,
kon,곡물(穀物),,,,,,선험,
konäm,,가꾸는,가꾸다,,,,선험,
konämÿrgo,관형사,,,,,,자소크어,konäm·ÿrgo
konätemp,,가꾸어 내는,가꾸어 내다,,,,자소크어,konäm·temp
konindrome,맥주(麥酒),,,,,,자소크어,kon·indrome
konir,,"챙기는, 신경쓰는, 마음에 두는, 마음을 쓰는","챙김, 신경씀, 마음에 둠, 마음을 씀","유심히, 자세히",,,선험,
konivist,,챙겨주는,챙겨주다,,,,자소크어,konir·vist
korona,아우성; 절규,,"소리지르다, 절규하다",,,,라틴어,corona
koros,끈적거림,끈적거리는,,,,,이름,殺先生
korso,"매니아, 오타쿠",,,,,,이름,Gaurosseaux
krif,제작,"만드는, 제작하는","만들다, 제작하다",,,,영어,create
krifika,공학,,,,,,자소크어,krif·ika
krifin,"만드는 사람, 창조자",,,,,,자소크어,krif·quorsin
krifizash,,만들어 보는,만들어 보다,,,,자소크어,krif·vizash
kriliquet,크리에이티브 모드 (마인크래프트,,,,,,자소크어,krif·liquet
kriprepos,,,만들어 두다,,,,자소크어,krif·prepos
krispika,인공어,,,,,,자소크어,krif·spika
krispikakrif,"인공어 제작, 콘랭잉",,인공어를 만들다,,,,자소크어,krispika·krif
kromad,,"없애는, 없어지게 하는","없애다, 없어지게 하다",,,,선험,
kromadùque,,"없어지는, 사라지는","없어지다, 사라지다",,,,자소크어,kromad·-ùque
kryçkie,기체,,,,,,자소크어,kryt·skie
kryt,공기,,,,,,선험,
la,,,,그 후에,그 다음,,선험,
laiv,라이브,"실제의, 눈 앞에서 펼쳐지는",라이브하다,,,,영어,live
lalo,착각,,착각하다,,,,이름,랄루
lapegas,,"짙은, 농후한",,,,,한국어,삼겹살
laro,,,,,"또는, 아니면, 혹은",,선험,
las,,,,"굉장히, 아주, 상당히, 완전, 매우",,,자소크어,lazü
lash,각(角); 모퉁이,,,,,,선험,
lasivatukomkos,명제(수학),,,,,,자소크어,las·ivatùque·komkos
laz,,,,,,[대화] 여보세요,자소크어,laziqueshtaro
lazverdie,미안함,미안한,,미안하게,,미안합니다,선험,
leimup,,"멍청한, 둔한",,,,,선험,
leka,초(秒),,,,,,선험,
lemaäque,고통,고통스러운,고통을 받다,,,,선험,
lemvaisausentrah,끈기,,,,,,자소크어,?·vaisausentrah
len,연결,잇는,잇다(繋),,,,일본어,連結
les,"~개, (일반적인 개수의 단위)",,,,,"신발, 귀와 같이 2개가 한 쌍인 것도 2개로 센다",선험,
lesìe,개수,,,,,,자소크어,les·-ìe
letera,편지,,,,,,영어,letter
leteradoilah,우체통,,,,,,자소크어,letera·doliah
letua,,쉬는,쉬다,,,,선험,
letuasosaque,쉬는 시간,,,,,,자소크어,letua·sosaque
lîckos,식의 양변(수학),,,,,,자소크어,lie·hickos
lidovator,곶(串)에 의해 막힌 바다,,,,,,자소크어,modil·vator
lie,"2, 둘, 이",,,,,,선험,
lig,권리; 권한,,,,,,선험,
likarommaque,듀엣,,둘이서 노래부르다,,,,자소크어,lie·karommaque
limof,2000,,,,,,자소크어,lie·mof
linam,"성 (姓, 혈통 이름)",,,,,,자소크어,lie·nam
lindashalin,"열차, 기차; 지하철",,,,,,자소크어,lindy·hashalin
lindy,줄; 순서; 목차,,,,,,영어,line
lindynamÿrgorisque,서격,,,,,자소크어 명사의 격,자소크어,lindy·namÿrgorisque
lindys,"리스트, 목록",,,,,,자소크어,lindy·-is
linfos,"기록, 정보",,,,,,선험,
linque,"웹페이지 주소, 링크",,,,,,영어,link
lipùskadàs,백신 접종,,백신을 놓다,,,,자소크어,lipyskad·-às
lipyfashas,병원,,,,,,자소크어,lipyn·fashas
lipyn,병(病),,,,,,선험,
lipyskad,백신,,백신을 맞다,,,,자소크어,lipyn·skad
lique,바(所),,,"~처럼, ~같이",,,선험,
liquemmatikâravîta,배수,,,,,,자소크어,liquet·matikâravîta
liquet,"판, 버전; 곱셈; 배(times, 단위)","배의, -와 비교하여 아주 많은",곱하다,,,,선험,
liqueves,"배수성, 배수가 되는 성질",,,,,,자소크어,liquet·ves
lis,,모으는,모으다,,,,선험,
lisonam,"이씨(二氏), 현재 가족의 이름",,,,,,자소크어,lie·sonam
litaimyhivin,증조보호자; 증조부모님,,,,,,자소크어,lie·taimyhivin
lital,2월,,,,,,자소크어,li·tal
litamaie,축복,축복하는,축복하다,,,,선험,
litu,,얕은,"(파동 등이) 퍼지다, 잔잔히 퍼지다",,,,자소크어,
livash,"남자, 남성",,,,,,자소크어,l·ivash
livera,사다리,,,,,,이름,livera
liviaçiatashaque,추위,"추운, 차가운",,,,,자소크어,liviat·çiatashaque
livialinü,우주,,,,,,자소크어,liviat·rinü
livialinüluo,천문학,,,,,,자소크어,livialinü·luo
livialinüsemüniash,"코스믹 호러, 코스미시즘, 우주적 공포, 경외감","경외스러운, 경외로운","경외감을 느끼다, 놀라다, 두려워하다",,,,자소크어,livialinü·semüniash
livialofafashas,대학교,,,,,,자소크어,liviat·lofafashas
livialofafashasin,대학생,,,,,,자소크어,livialofafashas·quorsin
livialofanuque,초론(ultraism),,,,,,자소크어,liviat·lofanùque
liviashain,너무나 좋은 것; 쾌감,너무 좋은,,,,,자소크어,liviat·shain
liviat,초(超),"(긍정적 의미로)너무하는, 뛰어난, 빼어난",넘다,,,,선험,
liviataicashaque,더위,"더운, 뜨거운",,,,,자소크어,liviat·taicashaque
liviatàs,스킵,넘기는,넘기다,,,,자소크어,liviat·-às
livizash,중용,조화가 잘 지켜진,"중용을 지키다, 조화롭게 행동하다",,,,자소크어,li·vizash
livkosque,금지,금지하는,금지하다,,,,선험,
lizte,꽃,,,,,,선험,
lo,,,,,"-을, -를",,한국어,를
lofafashas,"학교, 학원(學院)",,,,,,자소크어,lofan·fashas
lofakadas,"교재, 교과서",,,,,,자소크어,lofan·kadas
lofan,공부,배우는,배우다,,,,이름,lojban
lofananös,학교 생활,,,,,,자소크어,lofan·hanös
lofananösiros,방과후,,,,,,자소크어,lofananös·siros
lofanasin,"선생님, 교수",,,,,,자소크어,lofanàs·quorsin
lofanelit,장학금,,,,,,자소크어,lofan·elit
lofanùque,알림; 종교,"가르치는, 알리는","가르치다, 알리다",,,,자소크어,lofan·-ùque
lofashitnatanie,졸업,졸업하는,졸업하다,,,,자소크어,lofan·shitnatanie
lofasosaque,학기,,,,,,자소크어,lofan·sosaque
lofataigrum,"학위, 학계에서의 사회적 위치",,,,,,자소크어,lofan·taigrum
login,로그인,로그인하는,로그인하다,,,,영어,login
lomia,역경,힘든,힘들어하다,,,,선험,
lomialofafashas,중학교,,,,,,자소크어,lomia·lofafashas
lomialofafashasin,중학생,,,,,,자소크어,lomialofafashas·quorsin
loquosil,정직,정직한,,,,,선험,
luis,,좁은,,,,,이름,Louis
luivator,해협,,,,,,자소크어,luis·vator
lülien,2차원,,,,,,자소크어,lie·hülien
lülienoymatika,"선형대수학, linear algebra",,,,,,자소크어,lülien·hoymatika
lülienskie,평면,,,,,,자소크어,lülien·skie
luo,(특히 과정과 이론을 중심적으로 다루는) 학문,,,,,,자소크어,erasheniluo
lyz,"표절, 파쿠리","표절한, 파쿠리한, -하는","표절하다, 파쿠리하다",,,,한국어,표절
mà-,,,,,,1인칭복수어미,자소크어,mira
maä,쐐기,,,,,,선험,
maçosid,가해,,"가해하다, 피해를 주다",,,,영어,masochism
madyz,,,,"(단독으로) 오랜만에, 오래간만에
(ùi와 함께) 오랫동안",,,선험,
maf,해(垓),,,,,,선험,
mäf,"극(極), 극지",,,,,,선험,
maka,"일, 할 일, 마감, 과제, 숙제","일을 하는, 마감을 하는, 과제를 하는","일을 하다, 마감을 하다, 과제를 하다",,,,이름,테마카
makafashas,회사,,,,,,자소크어,maka·fashas
makakromad,실직; 해고,실직하게 함,"실직시키다, 해고하다",,,,자소크어,maka·kromad
makom,,돌아오는,돌아오다,,,,자소크어,mat·kom
malefique,장난,장난치는,장난치다,,,,이름,maleficent
malofan,개학; 복습,개학하는; 복습하는,개학하다; 복습하다,,,,자소크어,mat·lofan
mammoque,복귀,돌아가는,돌아가다,,,,자소크어,mat·moque
maneie,,책임지는,책임지다,,,,선험,
manety,쥐,,,,,,선험,
mänit,"극야(極夜), 극야현상",,,,,,자소크어,mäf·nit
mannarisas,"재언급, recap",,다시 언급하다,,,,선험,mat·narisàs
maque,노래,"노래하는, 부르는","노래하다, 부르다(歌)",,,,이름,테마카
maquin,가수,,,,,,자소크어,maque·quorsin
mäquoçer,극지 연구,,,,,,자소크어,mäf·quoçer
marav,바람(風); 바람(願),바라는,바라다(願望),,,,선험,
maravizash,,바라보는,바라보다,,,,자소크어,marav·vizash
marquin,즐거움,재미있는,,,,,선험,
marsh,"이유, 원인",,,,,,선험,
marshad,목적,,,,,,선험,
marshadÿrgo,목적어,,,,,,자소크어,marshad·ÿrgo
marshannamÿrgorisque,목적격,,,,,자소크어 명사의 격,자소크어,marshad·namÿrgorisque
marvist,동기 부여,,,,,,자소크어,marsh·vist
marvlat,,"깨끗한, 맑은",,,,,선험,
masha,,많은,,,,,한국어,많아
mashamaka,많은 일,"바쁜, 할 일이 많은",,,,,자소크어,masha·maka
mashapoirn,,누리는,"누리다, 향유하다",,,,자소크어,masha·poirn
mashashtelo,"대사회, 바깥 사회",,,,,사회 전반적인 분위기 흐름,자소크어,masha·shtelo
mashasorisic,옛날,,,,,,자소크어,masha·sorisic
mashasorisicanös,역사,,,,,,자소크어,mashasorisic·hanös
mashasosaque,시대,"늙은, 오래된",,,,,자소크어,masha·sosaque
mashasosaquin,노인,,,,,,자소크어,mashasosaque·quorsin
mashque,도전,"도전하는, 도전적인",도전하다,,,,선험,
masique,,"망하는, 부서지는, 무너지는","망하다, 부서지다, 무너지다",,,,선험,
mat,,,,다시,,,일본어,また
mataralivizashàs,재조정 (운론),,,,,,자소크어,mat·taralivizash
matika,수학,,,,,,영어,mathematics
matikakomkos,"식(수학), 수식(수학)",,,,,,자소크어,matika·komkos
matikapota,수(수학),,,,,,자소크어,matika·pota
matikâravîta,숫자,,,,,,자소크어,matika·aravîta
matikâravîtamodifia,"진법 체계, 진수 체계, 기수법",,,,,,자소크어,matikâravîta·modifia
matinatantishiäg,윤회,갈아엎는,"갈아엎다, 초기화하다; 윤회하다",,,,자소크어,mat·inatantish·tiäg
mavist,,"반환하는, 돌려주는","반환하다, 돌려주다",,,,자소크어,mat·vist
mavizash,반성,"돌아보는, 다시 보는; 반성하는","돌아보다, 다시 보다; 반성하다",,,,자소크어,mat·vizash
mavizash,,"불러보는, 노래해보는","불러보다, 노래해보다",,,,자소크어,maque·vizash
megias,"문화, 양식",,,,,,선험,
megiatutaÿr,문화권,,,,,,자소크어,megias·tutaÿr
memo,"메모, 필기",메모하는,메모하다,,,,영어,memo
memofashas,메모장,,,,,,자소크어,memo·fashas
mequa,,심는,심다,,,,영어,McIntosh
meseç,,무거운,,무겁게,,,일본어,面接
metutaÿr,"곶(串), 반도",,,,,,자소크어,temp·tutaÿr
mic,광질,광질하는,광질하다,,,,영어,mine
micin,광부,,,,,,자소크어,mic·quorsin
miet,이(齒),,,,,,선험,
mig,,핥는,핥다,,,,선험,
mine,옹호; 찬성,찬성하는,찬성하다,,,,선험,
mineu,"창문, 창; 화면",,,,,,선험,
mineumorel,화면공유,,,,,,자소크어,mineu·morel
mineumorelin,화면을 공유하는 사람,,,,,,자소크어,mineumorel·quorsin
minevrutan,"편승, 무임승차",,"편승하다, 무임승차하다",,,,자소크어,mine·vrutan
minure,민들레,,,,,,이름,민울
mira,"우리들, 우리",,,,,,선험,
miran,,젖는,젖다,,,,이름,미랑
miré,,"나의, 저의, 내, 제",,,,,자소크어,miro·é
miro,"나, 저",,,,,,선험,
mitoda,"방법, 수",,,,,,영어,method
mò-,,,,,,1인칭단수어미,자소크어,miro
mòdegro,,,,,,= miro degro,자소크어,mò-·degro
modifia,"규칙, 법, 규율",규칙으로 제정되어있는; 법을 지키는,규칙으로 제정하다; 법을 지키다,,,"n-modifia의 형태로, “n진수”의 뜻으로 사용된다.",영어,modify
modifiadoliah,기숙사,,,,,,자소크어,modifia·doliah
modifialuo,법학,,,,,,자소크어,modifia·luo
modifiazam,기숙,기숙하는,기숙하다,,,,자소크어,modifia·zam
modikom,,들어오는,들어오다,,,,자소크어,modil·kom
modil,,드는,들다(入),,,,선험,
modiloque,입장,,들어가다,,,,자소크어,modil·moque
modimoque,,,방문하다,,,,자소크어,modil·moque
modivator,만(灣)(바다),,,,,,자소크어,modil·vator
mog,아침,,,,,,영어,morning
moga,"모양, 형태",,"형상을 나타내다, 형태가 되다",대로,,,선험,
mogosa,마음,,,,,,선험,
mogosafizalv,"마음의 평화, 평정심",,,,,,자소크어,mogosa·fizalv
mogosaluo,심리학,,,,,,자소크어,mogosa·luo
mokom,,"도착하는, 당도하는","도착하다, 당도하다",,,,자소크어,moque·kom
moma,엄마,,,,,,선험,
monär,반복,,반복하다,,,,한국어,뭐냐
monit,점심,,,,,,자소크어,mog·nit
moque,,가는,가다(行),,,,자소크어,kom
mor,"1000, 즈믄, 천",,,,,,선험,
morda,,잡다한,,,,,선험,
morel,공동,"공동 소유한, 공유하는",공유하다,,,,영어,moral
movator,강,,,,,,자소크어,moque·vator
mu,,,벗다(脫),,,,선험,
muder,,,,"-씩, -마다 (한번)",,,선험,
mur,"도(度, °)",,,,,,자소크어,muragaynirarovìe
muraf,"태양, 해",,,,,,일본어,ムラる
murafickosas,일몰,,,,,,자소크어,muraf·hickosàs
murafinoc,"햇빛, 태양광",,,,,,자소크어,muraf·hinoc
murafirogas,"해돋이, 일출",,해가 뜨다,,,,자소크어,muraf·virogas
muragaynie,적도(赤道),,,,,,자소크어,muraf·gaynie
muragayniraronema,위도선,,,,,,자소크어,muragayni·rarov·nema
muragaynirarovìe,위도,,,,,,자소크어,muragayni·rarov·ìe
muraglish,일출,,,,,,자소크어,muraf·glish
muralizte,해바라기,,,,,,자소크어,muraf·lizte
muranema,햇빛,,,,,특히 공기 중에 입자가 많아서 모양이 보이는 햇빛,자소크어,muraf·nema
myhiv,,"지키는, 보호하는","지키다, 보호하다",,,위험으로부터,선험,
myhivin,보호자; 부모님,,,,,,자소크어,myhiv·quorsin
myhivizash,,,"지켜보다, 혹시 모를 상황을 대비하여 상황을 관찰하다",,,,자소크어,myhiv·vizash
myhivuquil,아들,,,,,,자소크어,myhivuquin·-l
myhivuquin,"자식, 아들과 딸; 딸",,,,,,자소크어,myhivùque·quorsin
nà-,,,,,,2인칭복수어미,자소크어,nira
nadenam,불가능,불가능한,,,,,선험,
nadisatag,"오류, 예외",오류가 나는,오류를 범하다,,,,선험,
naf,정령,,,,,,선험,
näf,간(澗),,,,,,선험,
nagman,나그마(포터스 쓰레기),버리는,버리다(捨),,,,선험,
nagmaskie,쓰레기,,,,,,자소크어,nagman·skie
nah,,아닌,,,,"[대화] 아니요, 아니; (부정문)",영어,no
naliviat,,"불과한, 미치지 못하는","불과하다, 미치지 못하다",,,,선험,
nam,"이름, 성명, 특히 풀네임; 고유명사",,,,,,영어,name
namag,,원치 않는,원치 않다,,,,자소크어,gaman
namgan,,키우는,키우다,,,,중세 한국어,남
nammatikpota,이름수,,,,,,자소크어,nam·matikapota
namÿrgo,명사,,,,,,자소크어,nam·ÿrgo
namÿrgorisque,격(格),,,,,명사의 격,자소크어,namÿrgo·risque
nanig,,"잊는, 망각하는, 까먹는","잊다, 망각하다, 까먹다",,,,일본어,何気
nanim,종류; 클래스(프로그래밍),,,,,,선험,
nanon,,"젊은, 나이가 적은, 어린",,,,,자소크어,nah·non
nanonin,동생,,,,,,자소크어,nanon·quorsin
napuçamis,"휴지, 화장지",,,,,,자소크어,naput·çamis
napul,,"말미암는, 의하는","말미암다, 의하다",,,,선험,
napunnam,"풀네임, 공식명칭, 정식명칭",,,,,,자소크어,naput·nam
naput,손,넣는,넣다,,,,선험,
naputaravîta,손글씨,,,,,,자소크어,naput·aravîta
naputin,키보드,,,,,,자소크어,naput·quorsin
naputin,입력기,,,,,,자소크어,naput·quorsin
narim,,마르는,마르다,,,,자소크어,miran
narimavizash,의심,의심하는,의심하다,,,,자소크어,naris·mavizash
nariprepos,기억,,"알아두다, 기억하다",,,,자소크어,naris·prepos
naris,"지식, 지성",아는,알다,,,,자소크어,siran
narisanroid,믿음,믿는,믿다,,,,자소크어,naris·anroid
narisika,과학,,,,,,자소크어,naris·ika
narisiks,,알고 있는,알고 있다,,,,자소크어,naris·iks
narisùdie,호기심,,,,,,자소크어,naris·-ùd·-ìe
narisùque,,알려지는,알려지다,,,,자소크어,naris·-ùque
naritempàs,계산; 해독,알아내는,"알아내다; 해독하다, 해석하다",,,,자소크어,naritemp·-às
naritempucodih,,알아내기 쉬운,,"알아내기 쉽도록, 알아내기 쉽게",,,자소크어,naritempùque·codih
naskie,부정(否定),부정적인,,부정적으로 ,,,자소크어,nah·skie
naskiÿrgo,부정어(否定語),,,,,,자소크어,naskie·ÿrgo
natiaçentem,정부 (政部),,,,,,자소크어,natio·açentem
natîc,명절,,,,,,자소크어,natio·hic
natîn,"국민, 백성",,,,,,자소크어,natio·quorsin
natio,"나라, 국가",[naté],,,,,영어,nation
natiomaque,국가(國歌),,,,,,자소크어,natio·maque
natîtag,민주주의,민주주의적인,,,,,자소크어,natio·tag
nauagiz,,"절대적인, 변하지 않는, 불변의",,,,,자소크어,nah·uagiz
navlazifàs,해결,"푸는, 해결하는","(문제를) 풀다, (문제 상황을) 해결하다",,,,자소크어,nah·vlazif·-às
né,,,,,,néA B는 AéB와 같4은 뜻,선험,
neçosh,,약한,,,,,선험,
neçoshin,"약자, 소수자",,,,,,자소크어,neçosh·quorsin
neistig,도망,,도망치다,,,,이름,neostigmine
nema,선(線),,,,,,선험,
nemap,핵심,핵심적인,,,,,선험,
netela,튤립,,,,,,이름,Netherlands
nevo,,[고어] 닫는,[고어] 닫다,,,,자소크어,oven
niaç,,달다,,,,,일본어,二月
niadaterma,버릇,,,,,,자소크어,niash·daterma
niages,침대,,,,,,선험,
niash,,나쁜,,,,,자소크어,shain
niashain,샤덴프로이데,,,,,,자소크어,niash·shain
niashin,악마,,,,,,자소크어,niash·quorsin
nieç,검정,검은,,,,,자소크어,çein
nieçein,밝은 회색,,,,,,자소크어,neiç·çein
nieg,이불,,,,,,선험,
nigov,희망,희망찬,희망하다,,,,고로바어,negan
nilä,,,못 움직이게 하다; 잠그다,,,,선험,
nimog,새벽,,,,,,자소크어,nit·mog
niofashas,보관소(보관을 위해 만들어진 공간 혹은 방),,,,,,자소크어,niop·fashas
niop,보존,보존하는,보존하다,,,,자소크어,poirn
nipota,내용,내용적인,내용을 쓰다,,,,자소크어,nique·pota
nique,"안(內), 속, 내부",안쪽의,,,,,자소크어,quin
niquiks,"속하다, 포함되다",,,,,,자소크어,nique·iks
nira,"너희, 너희들",,,,,,선험,
niré,,"너의, 네",,,,,선험,
niro,너,,,,,,선험,
nish,동쪽,동쪽의,,,,,일본어,西
nit,밤,,,,,,독일어,nicht
nivash,"여자, 여성",,,,,,자소크어,n-·ivash
nivizashùque,노출,노출하는,노출하다,,,,자소크어,nique·vizash·-ùque
nò-,,,,,,2인칭단수어미,자소크어,niro
nodino,"침묵, 무음",,,,,,자소크어,noh·dino
noh,"0, 영; 없는",,,,,,영어,no
nohùque,,결여된,결여되다,,,,자소크어,noh·-ùque
noiz,,"싫어하는, 싫은",싫어하다,,,,이름,노이즈
nomatikpota,,"무수한, 셀 수 없는",,,,,자소크어,noh·matikapota
non,"나이, 연세, 연령; 살","늙은, 나이가 많은",,,,,선험,
nonatiaçentetag,무정부주의,,,,,,자소크어,noh·natiaçentem·tag
norço,"니, 너(비칭)",,,,,2인칭 단수,자소크어,niro
nøs,,맞는,맞다(叩),,,,자소크어,søn
nosemü,무감정,무표정인,무표정을 하다,"무감정히, 무표정으로",,,자소크어,noh·semü
nosho,병(甁),,,,,,선험,
nosia,,희귀한,,,,,자소크어,aison
noskie,"아무것도 아닌 것, 무위",,,,,,자소크어,noh·skie
nov,,새로운,,,,,선험,
noveshàs,무효화,무효화하는,"무효화하다, 해제하다, 풀다",,,,자소크어,noh·vesh·-às
noy,,,,,= roú,비음 뒤에 오는 roú는 noú로 씀,자소크어,roy
nuitaicin,부장관,,,,,자소크 철학단 중앙정부 부서의 장,자소크어,nuiz·taicin
nuiz,부분; 계정,부분적인,,,,,이름,노이즈
nula,"환상, 좋아보이지만 다가갈 수 없는 것; 상실감",환상적인,,,,,헝가리어,nulla
nylop,,,,"다음에, 나중에",,어떤 사건을 기준으로,자소크어,polyn
o,,,,,,[감탄] 오.,영어,oh
ö,[호칭] 님,,,,,단어의 격을 높이기 위해 붙이는 관사,선험,
öa,"깃발, 기(旗)",,,,,,선험,
oat,"아이, 어린이",,,,,,자소크어,tao
odaseque,유니버설 디자인; 접근성,,,,,,선험,
odig,밝기,밝은,,,,,선험,
odigalivaie,분홍색,분홍색의,,,,,자소크어,odig·alivaie
odigrün,"밝은 초록색, 연두색",,,,,,자소크어,odig·grün
odipradol,하늘색,,,,,,자소크어,odig·pradol
odislifaz,,"민감한, 예민한",,,,,선험,
ogliaç,,오글거리는,,,,,한국어,오글거리다
oh,합,"더하는, 추가하는","더하다(加), 추가하다","더(more), 더욱",,,선험,
ohuat,"첨언, 참고, 비고",,"첨언하다, 말을 끼얹다",,,,자소크어,oh·uat
oie,,,,,,"[감탄] 어머, 세상에; 오호",선험,
öie,,,,,,= ö y,자소크어,ö·j
öiks,,계시는,"계시다, 있으시다",,,,자소크어,ö·iks
okarîna,오카리나,,,,,,이탈리아어,ocarina
ol,"다, 모두, 전체",모든,,,,,영어,all
olesh,백수,"심심한, 할 일이 없는",,,,,이름,Olesh
oletimaka,사업,,,,,,자소크어,oletish·maka
oletish,개인,,,,,,자소크어,shtelo
olivashalon,양성애,"양성애자인, 양성애의",모든 성별의 사람을 사랑하다,,,,자소크어,ol·ivash·alon
olivashalonin,양성애자,,,,,,자소크어,olivashalon·quorsin
olivizash,"종합, 융합","융합된, 종합적인",융합하다,종합적으로,,,자소크어,ol·livizash
olorüd,완식(完食),,"다 먹다, 남김 없이 먹다",,,,자소크어,ol·orüd
olvat,다리(신체)(脚),,,,,,선험,
olvatailes,다리 털,,,,,,자소크어,olvat·tailes
om,명령,,,,,,자소크어,-ùre·skie
ömashaquorsin,여러분,,,,,,자소크어,ö·masha·quorsin
ome,부탁,부탁하는,부탁하다,,,,자소크어,-òme
ongul,포기,포기하는,포기하다,,,,이름,동울
öniré,,"당신의, 귀하의",,,,,자소크어,öniro·é
öniro,"당신, 귀하",,,,,,자소크어,ö·niro
operat,오페라,,,,,,이탈리아어,opera
opor,"앞부분, 앞",,,,,,자소크어,ropo
opos,완전,완전한,,완전히,,,선험,
opota,댓글,,,,,,자소크어,oh·pota
or,,나타나는,나타나다,,,,선험,
oreuap,펜,,,,,,영어,pen
oriks,,나타나있는,나타나있다,,,,자소크어,or·iks
orüd,,먹는,먹다,,,,선험,
orüplanaria,식충식물,,,,,,자소크어,orüd·planaria
ösaquorsiliguat,세계인권선언,,,,,,자소크어,ö·sat·quorsin·lig·uat
ösh,,"잘하는, 능숙한",,"잘, 능숙히",,,일본어,良し
osha,"원, 동그라미; 공원; 환(수학)",동그란,,,,,선험,
oshavrisiad,원주율; 파이(pie),,,,,,자소크어,osha·vrisiad
oskie,,"감탄하는, 놀라는","감탄하다, 놀라다",,,,자소크어,o·skie
oskiÿrgo,감탄사,,,,,,자소크어,oskie·ÿrgo
ösulah,,"위대한, 대단한",,,,,자소크어,ö·sulah
otag,매일,,,,,,자소크어,ol·tag
ötaic,왕,,,,,,자소크어,ö·taic
otoquàs,,,"메우다, 채우다",,,,자소크어,otoque·-às
otoque,,"가득 찬, 더 들어갈 수 없는",가득 차다,,,,선험,
öuat,말씀; 선언,말씀하시는,말씀하시다,,,,자소크어,ö·uat
oven,,[고어] 여는,[고어] 열다,,,,영어,open
ovetiag,,,,"항상, 언제나",,,선험,
övist,드림,,,,,,자소크어,ö·vist
pain,"성적, 성과, 실적; 점수",,,,,,선험,
pamp,빵,,,,,,포르투갈어,pão
par,자랑,"자랑하는, 자랑스러운",자랑하다,,,,선험,
paradiç,행진,행진하는,행진하다,,,,영어,parade
patra,,"뚫는, 구멍을 내는","뚫다, 구멍을 내다",,,,에스페란토,patro
patralindy,방사선,,,,,,자소크어,patra·lindy
paut,모호성,모호한,,,,,자소크어,taup
paz,,,"(잡은 것을) 놓다, 풀다",,,,선험,
peka,인정,인정하는,인정하다,,,,트라벨레메,thpeca
peplas,양귀비,,,,,,선험,
pershanta,"퍼센트(%), 푼",,,,,,영어,percent
pespo,"블록, 직육면체",,,,,,선험,
piano,피아노,,,,,,이탈리아어,piano
piçet,욕구,갈구하는,갈구하다,,,,이름,Peach
pîcot,,"자포자기한, 놓은","자포자기하다, 놓다, 받아들이다",,,,영어,peach
planaria,식물,,,,,,이름,planario
poirn,,"쓰는, 사용하는, 이용하는","쓰다, 사용하다, 이용하다",,,,선험,
poivist,,써주는,써주다,,,,자소크어,poirn·vist
poivizash,,"써 보는 , 사용해 보는","써보다, 사용해 보다",,,,자소크어,poirn·vizash
polyn,,,,먼저,,,선험,
polynaris,,,"선지하다(先知); 앞장서다, 이끌다",,,,자소크어,polyn·naris
polynarisìe,리더십,,,,,,자소크어,polynaris·-ìe
polynarisin,"선지자, 리더",,,,,,자소크어,polynaris·quorsin
ponipamp,케이크,,,,,,자소크어,ponit·pamp
ponit,,겹치는,겹치다,,,,선험,
ponitelen,"복각상, 복각상 운명",,,,,[운론] 운명이 끝나면 다른 고가 생겨나므로 운명의 끝에 다른 운명이 연결되어있다는 운론의 가르침,자소크어,ponit·elen
poret,귤,,,,,,선험,
port,항(수학),,,,,,선험,
posasin,냄새,,,,,,자소크어,nariprepos·às·-in > posasin
pot,팥,,,,,,한국어,팥
pota,글,쓰는,(글을)쓰다,,,,이름,POSTYPE
potaçamis,문서,,,,,,자소크어,pota·çamis
potain,"작가, 소설가",,,,,,자소크어,pota·quorsin
potys,마법,마법같은,마법을 쓰다,,,,이름,Harry Potter > eicquiapotús
potysàsin,"주문서, 지팡이; 카드",,,,,,자소크어,potys·às·in
potysin,마법사,,,,,,자소크어,potys·in
pradocarcar,푸른 난초,,,,,,자소크어,pradol·carcar
pradol,파랑,파란,,,,,선험,
pradolalivaie,보라색,보라색의,,,,,자소크어,pradol·alivaie
pradolälivie,자홍색,자홍색의,,,,,자소크어,pradol·alivaie
prepos,,두는,"두다(置), 놓다",,,,선험,
priza,"서로, 상호",,,"서로, 상호",,,선험,
prizamyhikarotrend,방위조약,,,,,,자소크어,prizamyhiv·karotrend
prizamyhiv,방위,,,,,서로 지키는 것,자소크어,priza·myhiv
prizazur,상호작용,상호작용하는,상호작용하다,,,,자소크어,priza·zur
pryçie,연습,연습하는,연습하다,,,,영어,practice
puat,저항; 지연,저항이 있는,,,,,선험,
puatàs,,"저항을 거는, 지연시키는",저항을 걸다; 지연시키다,,,,자소크어,puat·-às
pumiel,,똑똑한,,,,,선험,
pyr,"나누기 (분수 표현, 단위 표현 등에 사용)",,나누다,,,,프랑스어,par
pyrypika,미적분,,,,,,자소크어,pyr·ryp·ika
pytag,공산주의,,,,,,자소크어,pyr·tag
qua,,눕는,눕다,,,,자소크어,aque
quadaia,,,"대충 읽다, 설렁설렁 넘겨가며 읽다",,,,자소크어,quag·daia
quag,,"설렁설렁 하는, 대충 하는","설렁설렁 하다, 대충 하다",대충,,,선험,
quare,카레,,,,,,한국어,카레
quarfis,,미는,밀다,,,,선험,
quav,,"건강치 못한, 바람직하지 못한",,,,,선험,
quê,깨,,,,,,한국어,깨
quedas,조각,깨는,깨다(割),,,,선험,
quedasin,조각가,,,,,,자소크어,quedas·quorsin
quiä,기(氣),,,,,,한국어,기
quilas,"승인, 허가, 허락; 동의",승인하는; 동의하는,승인하다; 동의하다,,,,선험,
quīn,"바깥, 외부, 겉, 밖","바깥쪽의; 외적인, 메타(meta)적인",,,,,영어,queen
quiniloy,,,,,"그보다도, by the way, 그나저나",,선험,
quinùque,,,"게우다, 게워내다, 토하다",,,,자소크어,quin·ùque
quinuquìe,,,,,,,자소크어,quinùque·ìe
quisat,메타버스,,,,,,자소크어,quin·sat
quivesh,,"나가는, 물러나는","나가다(退), 물러나다",,,,자소크어,qui·vesh
quoçefashas,연구소,,,,,,자소크어,quoçer·fashas
quoçer,,연구하는,연구하다,,,,선험,
quoçerin,연구자,,,,,,자소크어,quoçer·quorsin
quoges,수레국화,,,,,,선험,
quomaka,의무,,,,,,자소크어,quorsin·maka
quonçentrar,집중,집중하는,집중하다,,,,영어,concentrate
quoraser,"재난, 재앙",,"재앙을 겪다, 재난을 겪다",,,,일본어,起こらせる
quoreç,심장,,,,,,이탈리아어,cuore
quoreçur,심장 박동,,심장이 뛰다,,,,자소크어,quoreç·zur
quoriz,적(敵),,,,,,선험,
quorizàs,공격,,공격하다,,,,자소크어,quoriz·-às
quorsilig,인권,,,,,,자소크어,quorsin·lig
quorsiluo,인문학,,,,,,자소크어,quorsin·luo
quorsin,인간; 사회 구성원,,,,,사회적인 개체로써의 인간,선험,
quorsinìe,인간성; 법인,,,,,,자소크어,quorsin·ìe
quorsinuat,"인삿말, 인사말",,,,,,자소크어,quorsin·uat
quorsiquoraser,인재(人災),,,,,,자소크어,quorsin·quoraser
quorsishain,,사람을 좋아하는,사람을 좋아하다,,,,자소크어,quorsin·shain
quorza,"사람, 호모 사피엔스",,,,,"사회적이지 않은, 인간이라는 종 그 자체에 대해 뜻하는 단어",선험,
quovizash,만남,"만나는, 사람을 보는","만나다, 사람을 보다",,,,자소크어,quorsin·vizash
quôy,"관계, 사이(仲)",,,,,,자소크어,quorsin·hoy
quôynesh,인간관계에 대한 간절함,,,,,,자소크어,quôy·ynesh
quôyniash,,"사이 나쁜, 사이가 안 좋은, 사이가 나쁜",,,,,자소크어,quôy·niash
quôyshain,,"사이 좋은, 친한, 사이가 좋은",,,,,자소크어,quôy·shain
qupy,구리,,,,,,영어,copper
rad,,,,,"-보다, -와 비교해서",,영어,rather
radolisa,선애기별꽃,,,,,,자소크어,pradol
raduv,,느린,,느리게,,,자소크어,vudar
raf,"10^16, 경(京)",,,,,,선험,
rainonatio,제후국,,,,,,자소크어,rainos·natio
rainos,제후,,,,,,선험,
raquiä,음기(陰氣),,,,,,자소크어,rat·quiä
rardo,잘못,,,,,,선험,
rarov,,나란한; 평행한,,,,,일본어,並ぶ
rasp,영향,영향을 주는,영향을 주다,,,,선험,
raspùque,,영향을 받는,영향을 받다,,,,자소크어,rasp·-ùque
rat,"음(陰, yin)",,,,,,선험,
reas,,게으른,,,,,선험,
redev,,엉성한; 삐걱대는,삐걱대다,,,,선험,
reiz,,,홀리다(귀신에게 홀리다),,,,일본어,霊
reltøf,,"가라앉는, 잠기는","가라앉다, 잠기다(沈)",,,,자소크어,føtler
remus,겨울,,,,,,자소크어,sumer
requis,,"특수한, 예외적인",,,,,선험,
requisaravîta,특수문자; 기호,,,,,,자소크어,requis·aravîta
restor,,보내는,보내다,,,,선험,
riçie,,"멋있는, 멋진",,,,,선험,
rifo,,,,,"그래서, 그렇기에, 그러므로, 따라서, 고로",,선험,
rina,"안타까움, 연민, 동정",안타까운,,,,,선험,
rinälivaie,"새, 조류",,,,,,자소크어,rinü·alivaie
rinïnoc,번개,,,,,,자소크어,rinü·hinoc
rinü,하늘,,,,,,이름,GreenU
rinünatio,"하늘나라, 천국",,,,,,자소크어,rinü·natio
rinüvator,비,,,,,,자소크어,rinü·vator
rinüvatoshtaiglishin,기관총,,,,,,자소크어,rinüvator·shtaiglishin
ripes,,구상적(具象的)인,,구상적(具象的)으로,,,자소크어,sepir
rirat,,부족한,,,,,자소크어,tarir
risque,"상황, 상태",,,,,,선험,
riü,형제,,,,,,이름,leeyu
riüalon,형제애,,,,,,자소크어,riü·alon
rivon,"죄, 범죄",죄가 있는,,,,,선험,
rivonin,"죄인, 범죄자",,,,,,자소크어,rivon·quorsin
rod,"100, 온, 백",,,,,,선험,
rogie,,(장난 등이) 통하는,(장난 등이) 통하다,,,,선험,
rogryimansah,더 이상 사용되지 않는 것,"더 이상 사용되지 않는, deprecated된",,,,,선험,
ronaldis,혼돈,섞는,섞다,,,,선험,
ropo,"뒷부분, 뒤","뒤의, 뒷부분",,,,,선험,
roponuiz,뒷계,,,,,,자소크어,ropo·nuiz
ropouat,"뒷말, 뒷담화",뒷담화하는,뒷담화 하다,,,,자소크어,ropo·uat
roy,,,,,"-로, -으로",비음 뒤에 오는 roy는 noy로 씀,한국어,로
ruintginümy,뢴트게늄,,,,,,독일어,Roentgenium
ruque,,씹는,씹다,,,,선험,
rus,"광대, 클라운",,,,,,선험,
rüsha,"공짜, 무료",,,"단지, 그냥",,,선험,
rüsque,,씨발,"씹하다, 씨발다","씨발게, 씨발도록",,씨발,선험,
rüsquin,"씨발 사람, 씨발놈",,,,,,자소크어,rüsque·quorsin
rutan,승차,타는(乘),타다(乘),,,,선험,
ryp,,,"합치다, 두 개 이상의 것을 하나로 만들다",,,,자소크어,pyr
sà-,,,,,,부정칭복수어미,자소크어,sira
sadan,,,"짜다(搾), 즙을 내다",,,,한국어,사단
saer,,부지런한; 충실한,,,,,선험,
saf,"양(穣, 10^28)",,,,,,선험,
sail,발(足),,,,,,선험,
sailit,클릭,,누르다,,,,선험,
sailitin,버튼,,,,,,자소크어,sailit·quorsin
sal,,,,"꽤, 생각보다",,,자소크어,las
salique,"거부, 거절","거절하는, 거부하는","거부하다, 거절하다",,,,선험,
samie,,,,,"-와, -과 (같이)",,이름,さみし
sanaz,,부러운,부러워하다,,,,선험,
saparadimaque,"세행진가, 자소크 국가",,,,,,자소크어,sat·paradic·maque
sat,"세계, 세상; 세계관",,,,,,영어,cat
satanä,컴퓨터,,,,,,히브리어,שָׂטָן
savafashas,감옥,,,,,,자소크어,savat·fashas
savat,,"가두는, 감금하는","가두다, 감금하다",,,,선험,
sazigau,실행 취소,되돌리는,되돌리다,,,,선험,
sçie,,"미치는, 미친",미치다,,,,이름,스치
sefelipyn,우울증,우울증에 걸린,우울증을 겪다,,,,자소크어,sefez·lipyn
sefez,우울,우울한,우울해하다,,,,선험,
seht,반짝임,반짝이는,반짝이다,,,,선험,
seks,섹스,섹시한,섹스하다,,,,영어,sex
semosqualen,게슈탈트 붕괴,,,,,,선험,
semü,기분; 감정,,,,,,선험,
semülinfos,일기,,,,,,자소크어,semü·linfos
semüniash,"무서움, 공포",무서운,,,,,자소크어,semüniash
semüshaifiun,"내기, 대결",대결하는,대결하다,,,,자소크어,semüshain·fiun
semüshain,,"즐거운, 재밌는",,,,,자소크어,semü·shain
semüskie,"게임, 오락, 장난",장난스러운,,,,,자소크어,semü·skie
semüskîn,"게임 선수, 게임 플레이어",,,,,,자소크어,semüskie·quorsin
sepiàs,,,추상화하다,,,,자소크어,sepie·-às
sepir,,추상적인,,추상적으로,,,이탈리아어,sospiri
seropie,"엔트로피, 무질서도",,,,,,선험,
serpa,"다시마, 켈프",,,,,,영어,kelp
serviço,서비스,서비스하는,서비스하다,,,,영어,service
sesin,"놂, 놀음, 노름 (주로 한 자리에서 하는 게임)",,"(한 자리에서 정적으로) 놀다, 즐기다",,,,선험,
sespov,대답,,대답하다,,,,선험,
shaf,"아승기, 10^56",,,,,,선험,
shaia,비밀,[shaié],,,,,선험,
shaikromadùque,환멸,환멸하는,"기대를 하고 있었던 것이 없어지다, 현타가 오다, 환멸(幻滅)하다",,,,자소크어,shain·kromadùque
shain,,"좋아하는, 좋은",좋아하다,,,,이름,김샤인
shainémog,,,,,,[인사] 좋은 아침입니다.,자소크어,shain·é·mog
shainénit,,,,,,"[인사] 좋은 밤 보내세요, 안녕히 주무세요, 잘 자.",자소크어,shain·é·nit
shaishain,"무디타, 타인의 행복을 보고 느끼는 기쁨",,,,,,자소크어,shain·shain
shaisinta,양심,양심적인,,,,,자소크어,shain·sinta
shaten,경험,겪는,겪다,,,,선험,
shavie,성기,,,,,,선험,
shavifashas,"화장실, 변소",,,,,,자소크어,shavie·fashas
shavil,남성기,,,,,,자소크어,shavi·-l
shavin,여성기,,,,,,자소크어,shavi·-n
shaviskie,"대변, 똥",,,,,,자소크어,shavie·skie
shavitailes,"성기 털, 음모",,,,,,자소크어,shavie·tailes
shavivator,"오줌, 소변",,,,,,자소크어,shavie·vator
shaziv,,,"보지 않다; 보지 않은 것으로 치다, 무시하다",,,"ammirasapel: 보고도 못 본 척 하는 부정적 의미.
shaziv: 보고 싶은 것을 보지 않으려고 하는 의지적 의미",자소크어,vizash
shazivoque,,떠나다; 헤어지다,,,,,자소크어,quovizash
she,"7, 일곱, 칠",,,,,,선험,
sheç,주(週),,,,,,선험,
shedos,"70, 칠십, 일흔",,,,,,자소크어,she·dos
shel,,까는,(껍질을) 까다,,,,영어,shell
shelo,,"바쁜, 분주한",,,,,이름,슈텔로
shetal,7월,,,,,,자소크어,she·tal
shigo,,대단한,,,,,이름,슈고
shitnataniáikigrün,마지막 잎새,,,,,,자소크어,shitnatanie·é·aikigrün
shitnatanie,"끝, 마지막; 결과",끝내는,끝내다,,,,자소크어,inatantish
shitnatanîka,논리학,,,,,,자소크어,shitnatanie·ika
shoçen,,"강한, 센",,,,,선험,
shoçenin,,"강자, 다수자",,,,,자소크어,shoçen·quorsin
shokola,초콜릿,,,,,,프랑스어,chocolat
sholef,슬픔; 충동,슬픈; 슬퍼하는,슬퍼하다,,,,자소크어,felosh
sholesum,"한숨, 한탄",한숨쉬는,한숨쉬다,,,,자소크어,sholef·sum
shtaiglishin,총,,,,,,자소크어,shtain·glish·quorsin
shtain,돌,,,,,,독일어,stein
shtelia,협동조합,,,,,,자소크어,shtelo
shtelin,회원,,,,,,자소크어,shtelo·quorsin
shtelo,"모임, 커뮤니티, 떼; 집합(수학)",,사회를 이루다,,,anda에 비해 자연발생적인 느낌,에스페란토,stelo
shtelodoliahin,민족,,,,,,자소크어,shtelo·doliahin
shtelofashas,사회,사회적인,,,,,자소크어,shtelo·fashas
shtelomaka,산업,,,,,,자소크어,shtelo·maka
shtelon,"토론, 토의; 생각나는 것을 아무렇게나 말하는 대화","토론하는, 토의하는","토론하다, 토의하다",,,,자소크어,shtelo
shtelosoülieskie,사회공간,,,,,운론의 개념; 운이 존재하는 공간,자소크어,shtelo·soülieskie
shtelovenim,공공재,,,,,,자소크어,shtelo·venim
shteloves,사회성,,,,,,자소크어,shtelo·ves
shtelozur,"활동; 운동(demonstrate), 사회운동",,,,,,자소크어,shtelo·zur
shtor,,"담는, 보관하는","담다, 보관하다",,,,영어,store
sifraque,,,당기다,,,,선험,
sih,,"그러한, 그런",그러하다,,,,스페인어,sí
sikomkos,필요조건(수학),,,,,,자소크어,sih·komkos
silasf,울림,울리는,울리다(泣),,,,선험,
silasfùque,"울음, 욺",우는,울다(泣),,,,자소크어,silasf·ùque
silog,"형, 오빠",,,,,,자소크어,golis
sim,,따르는,"따르다(追), 추종하다",,,,이름,시모킴
simin,추종자,,,,,,자소크어,sim·quorsin
sinas,,전하는,전하다(傳),,,,선험,
sinom,,"헤매는, 헤매이는",헤매이다,,,,선험,
sinta,성격,,,,,,선험,
sinvud,존엄,,,,,,선험,
siolofan,미학(aesthetics),,,,,,자소크어,sion·lofan
sion,,"예쁜, 미적인",,,,,선험,
sioquedas,조각상,,,,,,자소크어,sion·quedas
siparasinie,"분류, 카테고리, 태그",,,,,,선험,
siquer,일반,"일반적인; 다용도의, 많은 상황에 사용할 수 있는",일반화하다,,,,선험,
siquerivashalon,범성애,"범성애자인, 범성애의","성별을 보지 않고 사람을 사랑하다, 범애(凡愛)하다",,,,자소크어,siquer·ivash·alon
siquerivashalonin,범성애자,,,,,,자소크어,siquerivashalon·quorsin
sira,"누군가들, 아무개들",,,,,,선험,
siran,무지,"모르는, 무지한","모르다, 모르는 상태로 있다",,,,일본어,知らん
siranauros,,모르는 척하는,모르는 척하다,,,,자소크어,siran·auros
siro,"누군가, 아무, 누구",,,,,,선험,
siros,다음,,,,,,선험,
sirosic,"다음날, 내일",,,,,,자소크어,siros·hic
sirozur,,,,,"아무튼, 아무렇든지 간에",,선험,
siskis,그러한 것,,,,,기타 등등,자소크어,sih·skie·-is
sitia,,,,,"그렇지만, 그래도",,자소크어,sih·tia
siul,,넓은,,,,,자소크어,luis
siulü,"판자, 판때기",,,,,,선험,
sivy,은(원소),,,,,,영어,silver
siziat,,아름다운,,,,,선험,
sizimaka,노동,,"노동하다, 몸을 쓰는 일을 하다",,,,자소크어,sizin·maka
sizin,몸,,,,,,선험,
siziquiä,호르몬,,,,,,자소크어,sizin·quiä
sizivaisausentranoh,,무기력한,무기력해하는,"무기력하게, 무기력하도록",,,자소크어,sizin·vaisausentrah·noh
skad,,막는,막다,,,,선험,
skadin,"장벽, 방해가 되는 것",,,,,,자소크어,skad·quorsin
skaide,"향수(鄕愁), 노스탈지아",,,,,,일본어,再会
skaideàs,,그리운,그립게 만들다,,,,자소크어,skaide·-às
skaideùque,,그리워하는,그리워하다,,,,자소크어,skaide·-ùque
skareç,,"닮은, 비슷한",닮다,,,,영어,scratch
skareçiks,,,닮아 있다,닮아 있는 것처럼,,,자소크어,skareç·iks
skie,것; 물건,,,,,,선험,
skiluo,물리학,,,,,,자소크어,skie·luo
skunez,이산(離酸),"이산적인, 떨어져있는",,,,,선험,
so,"3, 셋, 삼",,,,,,한국어,삼
sò-,,,,,,부정칭단수어미,자소크어,siro
sokarommaque,트리오,삼중창하는,삼중창하다,,,,자소크어,so·karommaque
sol,신(神),,,,,,선험,
solévlosa,신의 목소리,,,,,"[문어] 마음을 담아, 사랑하는 사람에게, 고마운 사람에게",자소크어,sol·é·vlosa
somiet,삼지창,,,,,,자소크어,so·miet
sommit,수영,수영하는,"수영하다, 헤엄치다",,,,독일어,schwimmt
søn,,때리는,때리다,,,,선험,
sonam,"씨 (氏, 가족 이름)",,,,,,자소크어,so·nam
sonia,"역(驛), 지하철역",,,,,,선험,
soniadoliah,역사(驛舍),,,,,,자소크어,sonia·doliah
sonie,,,팔다(賣),,,,선험,
soris,이전,,,,,,자소크어,siros
sorisic,어제,,,,,,자소크어,soris·hic
sosalindy,"과정, 단계",,,,,,자소크어,sosaque·lindy
sosamoque,,,"진행하다, 시간이 흐르다",,,,자소크어,sosaque·moque
sosanema,시간대; 시각선,,,,,,자소크어,sosaque·nema
sosaque,"시간 (길이가 있는), 기간",,,,,,선험,
sosha,"공, 구(球)",,,,,,자소크어,so·osha
sotaimyhivin,고조보호자; 고조부모님,,,,,,자소크어,so·taimyhivin
sotal,3월,,,,,,자소크어,so·tal
soülien,3차원,,,,,,자소크어,so·hülien
soülieskie,공간,,,,,,자소크어,soülien·skie
spaç,정적,조용한,조용히 하다,,,,선험,
spika,"언어, 언어학",,"구사하다, 언어를 통해 의미를 표현하다",,,,영어,speak
spikain,원어민,,,,,,자소크어,spika·quorsin
spikakrif,"콘랭잉, 인공어 제작",인공어를 만드는,인공어를 만들다,,,,자소크어,spika·krif
spikalindy,어순,,,,,,자소크어,spika·lindy
spo,,,,,-부터,,선험,
spred,,현명한,,,,,영어,spread
stara,이야기; 소통,,"이야기하다, 소통하다, 떠들다",,,,영어,story
stelie,행복,행복한; 행복하는,,,,,자소크어,shtelo
steligamalig,행복 추구권,,,,,,자소크어,steligaman·lig
steligaman,행복 추구,,,,,,자소크어,stelie·gaman
stos,,"단단한, 굳은",,,,,선험,
stoshoçen,,굳센,,,,,자소크어,stos·shoçen
suadürzia,"의외, 뜻밖","의외의, 뜻밖의",,,,,자소크어,suan·dürzia
suan,,밖에 없는,,오직,"뿐, -만",,선험,
suçes,노랑,노란,,,,,선험,
sulah,,큰,,,,,선험,
sulahàs,확장,확장하는,확장하다,,,,자소크어,sulah·-às
sulahìe,크기,,,,,,자소크어,sulah·-ìe
sulahùque,,,커지다,,,,자소크어,sulah·-ùque
sulamarav,"태풍, 폭풍, 돌풍","태풍치는, 폭풍치는, 돌풍이 부는","태풍치다, 폭풍치다, 돌풍이 불다",,,,자소크어,sulah·marav
sulasat,거시세계(물리학),,,거시적으로,,,자소크어,sulah·sat
sulavator,호수,,,,,,자소크어,sulah·vator
sum,숨,"숨쉬는, 호흡하는","숨을 쉬다, 호흡하다",,,,한국어,숨
sumer,여름,,,,,,영어,summer
suquer,춤,춤을 추는,"추다(舞), 춤을 추다",,,,이탈리아어,zucchero
sushie,스시,,,,,,일본어,寿司
süt,상자,,,,,,선험,
suüie,,창백한,,,,,선험,
svo,,,,,-에서,,선험,
svofas,,,,,-에서는,,자소크어,svo·fas
svosuan,,,,,"-에서만, -서만",,자소크어,svo·suan
table,표,,,,,,영어,table
taçamis,논문; 연구 보고서,,,,,,자소크어,tag·çamis
tadia,지도,,,,,,자소크어,tas·dia
tag,"이성, 생각",생각하는,생각하다,,,,영어,think
tagìe,사상(思想),,,,,,자소크어,tag·-ìe
taic,,높은,,,,,일본어,高い
taicashaque,,따뜻한,,,,,자소크어,taic·ashaque
taicìe,높이,,,,,,자소크어,taic·-ìe
taicin,=taiquorsin,,,,,,자소크어,taic·quorsin
taicinoc,영광,,,,,,자소크어,taic·hinoc
taifiunin,"장군, 장수",,,,,,자소크어,taic·fiunin
taigoly,왕관,,,,,,자소크어,taic·quorsin·goly
tailekromad,왁싱,제모하는,제모하다,,,,자소크어,tailes·kromad
tailes,"털, 체모",,,,,,이름,tails
tailofafashas,고등학교,,,,,,자소크어,taic·lofafashas
tailofafashasin,고등학생,,,,,,자소크어,tailofafashas·quorsin
taimyhivin,조보호자; 조부모님,,,,,,자소크어,taic·myhivin
tainatio,"제국, 왕국",,,,,,자소크어,taic·natio
taiquorsigolyälinulipyn,코로나바이러스(CoV-h),,,,,,자소크어,taiquorsigoly·älinulipyn
taiquorsimaneie,노블레스 오블리주,,(특히 사회적 지위가 높은 자가 그 사회에 대해서) 책임을 지다,,,,자소크어,taiquorsin·maneie
taiquorsin,"대장, 수장, 최고통치자, 장관, 대표(직책)",,,,,,자소크어,taic·quorsin
taiquorsinatio,공화국,,,,,,자소크어,taiquorsin·natio
taivîkun,"흥분, 고조",,"흥분하다, 고조되다",,,,자소크어,taic·vîkun
tal,"달, 월, 개월(단위)",,,,,,한국어,달
talärge,윤년(閏年),,,,,,자소크어,tal·ärge
talid,정리,,정리하다,,,,선험,
talimatikapota,정수(整數),,,,,,자소크어,talid·matikapota
talimatikapotosha,정수환(수학),,,,,,자소크어,talid·matikapotosha
talis,고래,,,,,< thalis,선험,
taliumy,탈륨,,,,,,영어,thallium
talleka,윤초(閏秒),,,,,,자소크어,tal·leka
tammatàs,세뇌,세뇌하는,세뇌하다,,,,자소크어,tag·matàs
tao,어른,어른스러운,,,,,이름,타타오
taque,옷,,,,,,선험,
taquiä,양기(陽氣),,,,,,자소크어,tar·quiä
tar,"양(陽, yang)",,,,,,선험,
taralivizash,"음과 양의 조화, 음양조화",조화가 갖춰진,,,,,자소크어,tarat·livizash
tarir,,충분한,,,,,일본어,足りる
tas,"땅, 섬, (특히) 공중섬",,,,,,자소크어,sat
taso,고양이,,,,,,이름,たそ(date)
tatempas,고안,,"생각해내다, 고안하다",,,,자소크어,tag·tempàs
taunlod,다운로드,내려받는,내려받다,,,,영어,download
taup,설명,"설명을 잘 하는; 명확한, 확실한",잘 설명하다; 소개하다,,,,영어,description
taupìe,확률,,,,,,자소크어,taup·-ìe
taupùhah,부조리,"설명 불기능한, 부조리한",,,,,자소크어,taup·-ùh·-àh
taupÿrgo,관사(article),,,,,,자소크어,taup·ÿrgo
tavizash,,생각해 보는,생각해 보다,,,,자소크어,tag·vizash
tavla,"약(전치수식), 쯤",대략,,,,,선험,
tavlo,팔(腕),,,,,,선험,
tavlotailes,"겨털, 겨드랑이 털; 팔에 난 털",,,,,,자소크어,tavlo·tailes
te,"9, 아홉, 구",,,,,,선험,
temmoque,,나아가는,나아가다,,,,자소크어,temp·moque
temp,,나는(出),나다(出),,,,선험,
tempàs,,내는(出),내다(出),,,,자소크어,temp·-às
ter,,"밝히는, 비추는","밝히다, 비추다",,,,일본어,照らす
tero,테로 (돈의 단위),,,,,,이름,Shtelo
tetal,9월,,,,,,자소크어,te·tal
tetutaÿr,만(灣)(육지),,,,,,자소크어,temp·tutaÿr
tia,,,,,"그런데, 하지만; -번째",,선험,
tiäfashas,"출처, 원산지",,,,,,자소크어,tiäg·fashas
tiäg,시작,시작하는,시작하다,,,,한국어,시작
tiänamÿrgorisque,시발격,,,,,자소크어 명사의 격,자소크어,tiäg·namÿrgorisque
tiasut,천재,,,,,,선험,
tied,,선명한,,,,,선험,
tier,,붙는,붙다,,,,선험,
tieràs,부착,붙이는,붙이다,,,,자소크어,tier·-às
tiespika,교착어,,,,,,자소크어,tier·spika
tika,"셈; 산수, 산학",세는,세다(數),,,,선험,
tion,가리킴; 함수(수학),가리키는,"가리키다, 맞추다, 대응하다, 매핑(mapping)하다",,,,영어,function
tiskie,부호,,,,,,선험,
tiv,,"까는, 기반으로 하는; 짚는; 의지하는","깔다, 기반으로 하다; 짚다; 의지하다",,,,선험,
to,,,,,-까지,,선험,
tod,"죽음, 사망",죽는,죽다,,,,독일어,Tod
todàs,,"죽이는, 살인하는","죽이다, 살인하다",,,,자소크어,tod·-às
todia,그림자,,,,,,자소크어,tod·dia
todisoçam,사상(死傷),,,,,,자소크어,tod·disoçam
todùh,위험,죽을 수 있는; 위험한,죽을 수 있다,,,,자소크어,tod·-ùh
todùvidie,,죽여버리는,죽여버리다,,,,자소크어,todùque·vidie
toflukt,"유령, 귀신",,,,,,자소크어,tod·flukt
toie,,걷는,걷다,,,,영어,toil
tom,,"자르는, 끊는","자르다, 끊다",,,,라틴어,atomus
tommarsh,사인,,,,,,자소크어,tod·marsh
tonnah,,끊임없는,,끊임없이,,,자소크어,tom·nah
tou,,,,,"-이라고, -라고",,일본어,って
touat,,"~라고 부르는, ~라고 하는","~라고 부르다, ~라고 하다",,,,자소크어,tou·uat
toudionamÿrgorisque,인용격,,,,,자소크어 명사의 격,자소크어,toudios·namÿrgorisque
toudios,인용,인용하는,인용하다,,,,자소크어,tou·dios
toufas,,,,,"-이라고 하는 것은, -이란",,자소크어,tou·fas(=as)
tous,,,,,-라는 것은,,자소크어,tou·as
tranür,번역,번역하는,번역하다,,,,영어,translate
tranürin,번역기,,,,,,자소크어,tranür·-in
trend,"예정, 일정, 계획",,,,,,영어,trend
tuityziroque,트친,,,,,,자소크어,j Twitter·ziroque
tuityzirotaup,트친소,,,,,,자소크어,tuityziroque·taup
tumas,가을,,,,,,선험,
tupan,빼기,빼는,빼다,,,,선험,
tupannam,"약칭, 약자",,,,,,자소크어,tupan·nam
turad,,먼(遠),,"간접, 간접적으로",,,자소크어,darut
turanarisàs,"광고, 홍보",,,,,,자소크어,turad·narisàs
tusait,바보,,,,,,선험,
tusaitülien,바보같이 순수한 사람,바보같이 순수한,바보같이 순수하게 행동하다,바보같이 순수하게,,,자소크어,tusait·hülien
tutaÿr,"땅, 흙",,,,,,선험,
tutaÿrika,기하학,,,,,,자소크어,tutaÿr·ika
tutaÿrosha,지구,,,,,,자소크어,tutaÿr·osha
tutaÿsulahas,영토 확장,,영토를 확장하다,,,,자소크어,tutaÿr·sulahàs
tynet,낙하산,,낙하산을 타다,,,,영어,internet
u,,,,,-에,,한국어,에
uaçil,가치; 자본,,,,,,선험,
uaçinta,발음,,,,,,자소크어,uat·sinta
uagispika,굴절어,,,,,,자소크어,uagiz·spika
uagiz,변화,바뀌는,바뀌다,,,,선험,
uagizàs,변경,바꾸는,바꾸다,,,,자소크어,uagiz·-às
uat,"말, 대화",말하는,말하다,,,,선험,
uataçentem,"주제, 화제",,,,,,자소크어,uat·açentem
uatamäf,북극,,,,,,자소크어,uatash·mäf
uatamäninema,북극야선,,,,,,자소크어,uatash·mänit·nema
uatamur,북위,,,,,,자소크어,uatash·mur
uatamurashitnatani,북회귀선,,,,,,자소크어,uatash·muraf·shitnatanie
uatash,"북, 북쪽",북쪽의,,,,,일본어,私
uatemp,연락,연락하는,연락하다,,,,자소크어,uat·temp
ügra,위(上),,,,,,선험,
ügranema,"온라인, 인터넷",,,,,,자소크어,ügra·nema
ügravesh,출세,출세하는,"출세하다, 유명해지다",,,,자소크어,ügra·vesh
ül,,"외우는, 외는",외우다,,,,선험,
um,,입는,입다(着),,,,선험,
ümer,점프,뛰는,"뛰다, 점프하다",,,,선험,
umimoque,,달려가는,달려가다,,,,자소크어,umiv·moque
umiv,,달리는,달리다(走),,,,선험,
umsha,자유,자유로운,,,,,선험,
ünäla,장인,,,,,,선험,
unas,필요,필요로 하는,필요로 하다,,,,선험,
unët,단위,,,,,,선험,
üpa,감사,감사하는,감사해하다,,,,선험,
upload,업로드,,업로드하다,,,,영어,upload
ürpammaque,"화음, 코러스",,,,,,자소크어,ürpat·maque
ürpannamÿrgorisque,보조격,,,,,자소크어 명사의 격,자소크어,ürpat·namÿrgorisque
ürpat,도움,"돕는, 지원하는","돕다, 지원하다",,,,선험,
ürpavist,,도와주는,도와주다,,,,자소크어,ürpat·vist
usida,곰(熊),,,,,,선험,
usnot,설탕,,,,,,선험,
uspelofan,시험공부,시험공부하는,시험공부하다,,,,자소크어,uspens·lofan
uspens,"시험, 테스트","시험을 보는, 테스트하는","시험보다, 테스트하다",,,,선험,
uspensùquin,응시자,,,,,,자소크어,uspens·-ùque·-in
util,,깊은,,,,,선험,
utilìe,깊이,,,,,,자소크어,util·ìe
utra,아픔,아픈,아파하다,,,,러시아어,утро
uzaque,,외로운,,,,,선험,
vaf,"1^24, 자",,,,,,선험,
väf,항아사,,,,,,선험,
vag,,가지는,가지다,,,,영어,have
vageçy,소유운 (운론),,,,,,자소크어,vag·eçy
vagyçe,소유업 (운론),,,,,,자소크어,vagyçe
vaisausentrah,"능력, 힘",능력있는,,,,,선험,
vaisausentrahindrome,에너지 드링크,,,,,,자소크어,vaisausentrah·indrome
vakom,발췌,가져오는; 발췌한,가져오다; 발췌하다,,,,자소크어,vag·kom
valoatia,"친선 경기, 경기, 재미로 하는 경기",,,,,,이름,발로타
vanamÿrgorisque,주격,,,,,자소크어 명사의 격,자소크어,vag·namÿrgorisque
vanana,바나나,,,,,,영어,banana
vanas,방향,,,,,,선험,
vanisha,,,,,,"[인사] 안녕히 가세요, 안녕히 계세요, 잘 가",영어,vanish
vanzi,승리,이기는(勝),이기다,,,,선험,
vapy,사전,,,,,,선험,
vaque,건강,"건강한, 바람직한",,,,,선험,
vatomoquàs,,흘리는,흘리다,,,,자소크어,vatomoque·-às
vatomoque,(액체의)움직임,흐르는,흐르다,,,,자소크어,vator·moque
vator,물,,,,,,독일어,Wasser
vatoralivaie,"물고기, 생선",,,,,,자소크어,vator·alivaie
vatorashaligepo,항구,,,,,,자소크어,vatorashalin·gepo
vatorashalin,배(船),,,,,,자소크어,vator·hashalin
vatotod,익사,익사한,익사하다,,,,자소크어,vator·tod
ved,,닫는,닫다,,,,자소크어,dev
velua,,"별로인, 좋다고 생각되지 않는",좋다고 생각되지 않을 수 있는 행동을 하다,,,,한국어,별로
velue,,어이없는,,,,,한국어,별로
vematikapota,자연수(수학),,,,,,자소크어,vesh·matikapota
venilizte,장미,,,,,,자소크어,venim·lizte
venim,"자기가치, 사회적 가치, 필요도; 자원",,,음흉하게,,"특히 사람에 대해서, 다른 사람이 자기 자신을 필요로 하는 정도를 나타냄.",선험,
venitofluktin,자기가치를 위해 죽을 수도 있는 사람,,,,,,자소크어,venim·tod·flukt·-in
vequa,,신기한,신기해하다,,,,이름,백과
verquadia,베르쿠아디아; 마법진,,,,,,자소크어,j Berquam·dia
ves,"성질, 특성",,,,,,선험,
vesh,자연,"되는, ~을 하는, 지는; 자연스러운","되다, ~을 하다, 지다(爲), ~하게 되다",,,,선험,
veshin,성인,,,,,,자소크어,vesh·-in
veshpika,자연어,,,,,,자소크어,vesh·spika
vesin,사과,,,,,,선험,
vesinoshavrisiad,사과파이,,,,,,자소크어,vesin·oshavrisiad
veto,변태,,,,,,선험,
vidie,,버리는(仕舞),버리다(仕舞),,,,선험,
vîkun,분위기,,,,,< viuikunn,일본어,雰囲気
vinys,"정수, 찐또백이",,,,,,영어,venus
virogas,,오르는,오르다,,,,선험,
virogasàs,,올리는,올리다,,,,자소크어,virogas·-às
vish,"서,서쪽",서쪽의,,,,,선험,
vishtan,"탁자, 책상",,,,,,선험,
viskria,위협,,,,,,선험,
visnamÿrgorisque,여격,,,,,자소크어 명사의 격,자소크어,vist·namÿrgorisque
vist,,주는,주다; 건네다,,,,선험,
vistàs,,,얻다,,,,자소크어,vist·-às
vistumodilàs,,,받아들이다,,,,자소크어,vistùque·modilàs
vistupota,,받아적는,"받아적다, 보고 적다",,,,자소크어,vistùque·pota
vistùque,,받는,받다; (영상을) 시청하다,,,,자소크어,vist·-ùque
vistürpatnamÿrgorisque,여보조격,,,,,자소크어 명사의 격,자소크어,vist·ürpat·namÿrgorisque
vit,벼,,,,,,선험,
vitra,포도,,,,,,펠라인카이아,vítra
vitrudiska,"짜증, 싫증","짜증나는, 싫증나는, 질린",질리다,,,,선험,
vivias,벌(蜂),,,,,,선험,
viviashtelo,벌떼,,,,,,자소크어,vivias·shtelo
vizash,,보는,보다(見),,,,에스페란토,vidi
vizashafashas,대사관,,,,,,자소크어,vizashàs·fashas
vizashapota,발표문,,,,,,자소크어,vizashàs·pota
vizashàs,"프레젠테이션, 발표, 내세움; 정찰",,,,,,자소크어,vizash·-às
vizashasin,대사(大使),,,,,,자소크어,vizashàs·quorsin
vizashùquas,"렌더링, 인코딩, 인화",보이게 하는,보이게 하다,,,,자소크어,vizash·-ùque·-às
vizashuquasin,"렌더러, 인코더",,,,,,자소크어,vizashuquas·quorsin
vizashùque,,보이는; 유명한,보이다(見),보이도록; 유명하게,,,자소크어,vizash·-ùque
vizud,"흥미, 관심",,,,,,선험,
vlanque,설정,,설정하다,,,,선험,
vlaziçamis,문제지,,,,,,자소크어,vlazif·çamis
vlazif,문제 상황,,,,,,선험,
vlosa,목소리,,,,,,선험,
vogin,절망,절망적인,절망하다,,,,자소크어,nigov
vonnuiz,기계 부품; 부품,,,,,,자소크어,vot·nuiz
vorshi,"칼, 검",,,,,,선험,
vosha,배경,,,,,,선험,
vot,"기계, 로봇, 봇",,,,,,영어,bot
vova,아빠,,,,,,선험,
vrisiad,,"도는, 회전하는","돌다, 회전하다",,,,선험,
vrisiadìe,경도(longitude),,,,,,자소크어,vrisiad·ìe
vrisianema,경도선,,,,,,자소크어,vrisiad·nema
vruma,방(房),,,,,,선험,
vrumagrün,양치류,,,,,,자소크어,vruma·grün
vudalindashalin,고속열차,,,,,,자소크어,vudar·lindy·hashalin
vudar,,빠른,,빠르게,,,선험,
vudarìe,"빠르기, 속력",,,,,,자소크어,vudar·-ìe
vudariuagiz,변속,,빠르기가 변하다,,,,자소크어,vudarìe·uagiz
vudarivizash,,,,,,,자소크어,vudarìe·vizash
vudaruagiz,가속도,가속하는,가속하다,,,,자소크어,vudar·uagiz
vuere,오른쪽,오른쪽,,,,,선험,
vueresailit,"오른쪽 클릭, 우클릭",,우클릭하다,,,,자소크어,vuere·sailit
vulgat,,씻는,씻다,,,,이름,WVLGATHA
vulgatàs,,씻기는,씻기다,,,,자소크어,vulgat·-às
vyt,,-에 대한,,,"-에 대해, -에 있어",,영어,but
x,절의(切意)문자,,,,,,선험,
yçe,업보; 업 (운론),업보가 쌓인 상태에 있는,,,,,에탕,Étten
yf,꿀,,,,,,프랑스어,œuf
ymuilat,모기,,,,,,선험,
ynesh,간절함,간절한,,,,,선험,
ÿrgo,단어,,,,,,선험,
yrima,"과도한 진행, 뇌절",뇌절인,뇌절하다,,,,선험,
ÿsanpa,예시,,예를 들다,,,,선험,
zäiv,자이브,,자이브를 추다,,,특히 1950년대에 유행한 강한 비트의 빠른 춤곡,영어,jive
zam,,자는,자다,,,,한국어,잠
zamùd,,졸린,졸려하다,,,,자소크어,zam·-ùd
zap,,잡는,잡다(掴),,,,한국어,잡다
zapùque,,잡히는,잡히다,,,,자소크어,zap·ùque
zapuquin,포로,,,,,,자소크어,zapùque·quo
zasoquaravîta,자소크어 문자,,,,,,자소크어,zasoque·aravîta
zasoque,자소크,,,,,,선험,
Zasoquin,"자소크인, 자소크 사람",,,,,,자소크어,Zasoque·quorsin
zasospika,자소크어,,,,,,자소크어,zasoque·spika
zefes,,"화난, 분노하는","화나다, 분노하다",,,,선험,
zeh,,,,"절대, 반드시, 꼭, 분명; 마치",,,일본어,絶対
zenuks,연속,"연속적인, 붙어있는",,,,,선험,
zeque,노력,노력하는,노력하다,열심히,,,선험,
zeriluo,음악학,,,,,,자소크어,zerique·luo
zerique,"음악, 곡",,,,,,이름,zer0ken
zeritieras,편곡,편곡하는,편곡하다,,,,자소크어,zerique·tieras
zeritierasin,편곡가,,,,,,자소크어,zeritieras·quorsin
zesta,"력(曆), 달력",,,,,,선험,
zeu,개,,,,,,러냐어,seu
zeugago,,개짖는,개짖다,,,,자소크어,zeu·gago
zeuique,조절,조절하는,조절하다,,,,이름,jwiki
zidamoque,,사라져가는,사라져가다,,,,자소크어,zidas·moque
zidas,,사라지는,사라지다,,,,선험,
zigän,,상대적인,,,,,선험,
zigänìe,상대성,,,,,,자소크어,gizän·-ìe
zip,,,"마주하다, 맏닥들이다",,,,선험,
ziroque,친구,,,,,,이름,zer0ken
zôd,시간 (시간의 단위); 시 (시각의 단위),,,,,,선험,
zozaque,"시간(시각), 때; 경우; [의존] 회(回), 번(番)",,,,,,선험,
zu,,,,,"-하면, -으면",,중국어,就
zudia,"영상, 동화(動画), 애니메이션",,,,,,자소크어,zur·dia
zudiakrif,"영상 제작, 영상 편집",영상 제작하는,영상 제작하다,,,,자소크어,zudia·krif
zudiakrifin,"영상 제작자, 영상러",,,,,,자소크어,zudiakrif·quorsin
zuma,교통,,"드나들다, 왔다갔다하다",,,,선험,
zumaskad,교통 체증,,,,,,자소크어,zuma·skad
zünyr,"점(dot); 공(ball), 구(sphere); 행성",,,,,,선험,
zünyraravîta,점자,,,,,,자소크어,zünyr·aravîta
zur,"행동, 동작, 움직임; 기능",움직이는,"움직하다, 행동하다, 작동하다",,,,선험,
zurÿrgo,동사,,,,,,자소크어,zur·ÿrgo
zusosaque,시제,,,,,,자소크어,zur·sosaque