단어,명사,관형사 (-é),동사 (-À),부사 (-ùi),"조사, 연결","접사, 어미",비고,어원
--kaim,,,,,"-지, -일지",,,
--nah,,,,,,부정형어미,,
-'l,,,,,= lo,,,
-àd,-à,,,,,미래시제어미,,
-as,,,,,"은, 는",,,
-às,,,,,,사동형어미,,
-è,,,,,,과거시제어미,,
-èa,,,,,,대과거시제어미,,
-ì,,,,,,명사형어미,,
-ìc,,,,,,현재시제어미,,
-in,,,,,,"-하는 사람, -하는 것",,
-is,,,,,,복수접미사,,
-òm,,,,,,명령형어미,,
-òme,,,,,,부탁형어미,,
-s,,,,,"= -as, =-is",,,
-ùd,,,,,,욕구형어미,,
-ùh,,,,,,가능형어미,,
-ùi,,,,"-하게, -하도록",,,,
-ùle,,,,,,과정형어미,,
-ùm,,,,,,일반시제어미,,
-ùm,,,,,,일반시제어미,,
-ùn,,,,,,필요형어미,,
-ùö,,,,,,청유형어미,,"일본어, しよう"
-ùque,,,,,,피동형어미,,
-ùquom,,,,,,피동명령형어미,,
-ùsua,,,,,,가정형어미,,
-z,,,,,,확신형어미,,
a,아(자소크어의 첫번째 문자),,,,,,(문장의 처음이나 마지막에 쓰일 때) 말을 늘리는 감탄사,
ä,,,,,,,"이미 언급되었거나 쉽게 알 수 있는 것 앞에 붙이는 관사; (문장의 마지막에 쓰일 때) 말을 늘리는 감탄사, [대화] 응.",
acentem,"중심, 가운데",가운데의,,,,,,
acentemhoire,"수도, 최대 도시",,,,,,,
acentemnamyúrgorisque,주격,,,,,,자소크어 명사의 격,"자소크어, acentem·namyúrgorisque"
ad,,,,,"또한, 그리고",,,"영어, and"
ador,도구,편리한,,,,,,
adras,,,,"아마, 추측컨대",,,,
äha,,,,,,,[대화] 네.,
aifidom,"불법, 위법, 역법(逆法)",법을 어기는,법을 어기다,"법을 어기게, 법을 어기도록",,,,
aikif,나무,,,,,,,
aikiffudi,열매,,,,,,,
aikifgrün,"잎, 잎파리, 잎싸귀, 나뭇잎",,,,,,,
aikifpúr,가지(枝),,,,,,,
aikiftutayúr,숲,,,,,,,
aimú,상처,,,,,,,
ainshtainú,광석,,,,,,,
äla,,,,,,,[대화] 안녕.,
älin,,"움직이는, 옮는, 이동하는","움직이다, 옮다, 이동하다",,,,,
älinas,,"옮기는, 움직이게 하는","옮기다; 움직이다, 움직이게 하다",,,,,
älinùqulipún,전염병,,,,,,,
alivay,동물; 빨강,빨간,,,,,,
alivayfudi,"고기, 육식",,,,,,,
alivaysuces,주황색,주황색의,,,,,,
alivayvator,"피, 혈액",,,,,,,
alon,사랑,사랑하는,사랑하다,"사랑하게, 사랑하도록",,,,"에스페란토, amo"
alonin,"애인, 연인",,,,,,,
aloshil,가짜,가짜,,,,,,
aloshilinsürta,가정,,가정(假定)하다,,,,,
aloshilnam,"닉네임, 별명, 가명, 예명",,,,,,,
aloshilsat,꿈,믿어지지 않는,,,,,,
alque,지혜,지혜로운,,,,,,
alquvesh,이해,이해하는,이해하다,,,,,
ame,,,,이미,,,,
ammiras,"인식, (존재의) 확인",인식하는,인식하다,,,,,
ammirasapel,무시,무시하는,무시하다,,,,,
animari,,축하하는,축하하다,"축하하게, 축하하도록",,,,
animaritag,"축일, 기념일",,,,,,,
aniska,,반가워하는,,,,,[인사] 안녕하세요,
aniskas,,,,,,,"[인사] 안녕하세요, 안녕하세요들 (많은 사람들에게)",
änon,"구성, 짜임",,"구성하다, 이루다, 짜다",,,,,
anroid,,같은,"같은 상태로 있다, 같다",,,,,
anroidsholef,걱정,걱정하는,걱정하다,,,,,
anroidsiros,이후(以後),,,,,,,
anroidsosaque,실시간,실시간의,,,,,,
apel,,통하는,"통하다, 통과하다; 지나다","통하게; 지나게, 지나도록",,,,
apelmoque,,지나는,지나가다,,,,,
aprat,"[의존] 정도, 만큼",,,,,,,
april,낚시,사기치는; 낚는,사기치다; 낚시하다,,,,,
aqua,,앉은,앉다,,,,,
aque,,"깨는, 서는","깨다(起), 서다(立)",,,,,
aquiksis,,서있는,서있다,,,,,
aravîta,"글자, 문자",,,,,,,
ärge,년(年),,,,,,,"영어, year"
argü,아래,,,,,,,
asäque,"온도, 기온, 뜨거운 정도",,,,,,,
asas,망치; 망치질,,망치질하다,,,,,
asham,적음,적은,,,,,,
ashamsosakkat,송아지,,,,,,,
ashamsosaque,,젊은,,,,,,
ashta,별(星),,,,,,,"영어, asterion"
äsias,느낌,느끼는,느끼다,,,,,
äsiasuque,,느끼는,느껴지다,,,,,
asmo,모자,,,,,,,
asmotiski,곡절 부호 (â),,,,,,,
ast,선택,선택하는,선택하다,,,,,
ät,"무엇, 무언가",기다리는,기다리다,,,,,"영어, what"
atrüsni,"거짓, 틀림","거짓의, 그릇된",,,,,,
atrüsninoh,,틀림없는,,,,,,
atshent,맹세,맹세하는,맹세하다,,,,,
av,"사양, 양보","사양하는, 양보하는","사양하다, 양보하다",,,,,"일본어, あ"
avas,,멈춘,멈추다,,,,,
avnamyúrgorisque,사양격,,,,,,자소크어 명사의 격,"자소크어, av·namyúrgorisque"
ay,"8, 여덟, 팔",,,,,,,
aytal,8월,,,,,,,
az,,,,,-로써,,,
äz,"분(分, minute)",,,,,,,
camis,종이,,,,,,,
caps,소란,"소란스러운, 시끄러운","시끄럽게 하다, 소란스러운 일을 일으키다",,,,,
cäv,,흔들리는,"흔들리다, 떨리다",,,,,
ce,"6, 여섯, 육",,,,,,,
cetal,6월,,,,,,,
ciat,,낮은,,,,,,
ciatasäque,,시원한,,,,,,
ciragag,"닭(chicken), =ciragagéfudi",,,,,,,
ciragagéfudi,"치킨(음식), 통닭",,,,,,,
ciragaggol,"달걀, 닭알, 계란",,,,,,,
civùquador,개발 도구,,,,,,,
civuque,개발,,,,,,,
codih,,쉬운,,쉽게,,,,"자소크어, hidoc"
conih,어둠,,,,,,,"자소크어, hinoc"
da,,,,,"-이, -가",,,"한국어, -가"
dadiy,,거대한,,,,,,
dadiyvator,"바다, 해양",,,,,,,
dadiyvatoralivay,"해산물, 바다에 사는 동물",,,,,,,
dadiyvatorhickos,해변,,,,,,,
dadiyvatormoque,파도,,,,,,,
daf,조(兆),,,,,,,
däf,"1^40, 정(正)",,,,,,,
daia,"읽기; 부름, 호출",읽는; 부르는,읽다; 부르다,,,,,
daisät,지렁이,,,,,,,"에탕, daicjat"
daks,수비,,방어하다; 저지하다,,,,,
dang,,"아끼는, 소중한",아끼다,,,,,
daiakom,로딩,,"로딩하다, 불러오다",,,,,
dardar,,,,"점차, 점점, 차츰차츰",,,,"일본어, 段々"
darut,,가까운,,"직접, 직접적으로",,,,
daseque,디자인,,디자인하다,,,,,
dash,"저, 저것",,,,,,,"영어, that"
dashin,저 사람,,,,,,,
dasvút,파괴,,부수다,,,,,
daterma,습관,,,,,,,
dé,,,,,"-의, -한 (of)",,,"에스페란토, de"
degias,"포옹, 허그",안는,안다(包),,,,,
degiasùque,,안기는,안기다(包),,,,,
degro,,,,,"-도, -역시",,,"영어, degree"
degronamyúrgorisque,야격,,,,,,자소크어 명사의 격,"자소크어, degro·namyúrgorisque"
denam,,가능한,,,,,,
dequs,"데크; 작은 모임, 소모임",,,,,,,"영어, deck"
dev,개발,개발하는,개발하다,,,,,"영어, develop"
dia,그림,"그리는, 그림같은",그리다,,,,,"인명, nadia"
diavist,,그려주는,그려주다,,,,,
dimerda,표준,,,,,,,
dines,"미션, 임무",,,,,,,
dino,소리,,,,,,,
dinofashas,노래방,,,,,,,
dinokrif,작곡,작곡하는,작곡하다,,,,,
dinokrifin,작곡가,,,,,,,
dinoronaldis,믹싱 작업,(소리가) 조화로운,"화성(和聲)하다, 소리를 덧붙이거나 섞어서 조화를 이루다",,,,,
diorna,,다른,,,,,,"자소크어, anroid"
diornaäsias,"괴리감, 이상함, 불안함",,,,,,,
diornain,"타인, 다른 사람",,,,,,,
diornaski,"다름, 차이",,,,,,,
dios,,하는,하다,,,,,"영어, do"
diosàd,,할 것인,할 것이다,,,,,
diosè,,한,했다,,,,,
diosìc,,하고 있는,하고 있다. 한다,,,,,
diosmoque,,해가는,"해감, 해나감",,,,,
diosnoiz,,하기 싫어하는,"하기싫어함, 하기싫음",,,,,
diosùquin,"하인, 집사; 노예 (존비중립)",,,,,,,
diosvist,,해주는,해주다,,,,,
diosvizash,,해보는,해보다,,,,,
dis,"이, 이것",이러한,이러하다,,,,,"영어, this"
disa,미래,,,,,,,
disatag,예상,예상하는,예상하다,,,,,
dise,"과거, 역사",,,,,,,
disetag,후회,후회하는,후회하다,,,,,
disfashas,"이곳, 여기",,,,,,,"자소크어, dis·fashas"
dishic,오늘,,,,,,,
disi,"현재, 넓은 의미의 지금",,,,,,,
disin,이 사람,,,,,,,
disisosaque,"최근, 요즘, 요새",오늘날의,,,,,,
dissosaque,"이제, 앞으로 (시간)",,,,,,,
diszozaque,지금,,,일시적으로,,,,
do,"어떤, 어느",,,어떻게,,,,
doé-,,어떠한,,,,,,
dofashas,"어디, 어느 곳",,,,,,,
doilah,집; 가정,가정적인,,,,,,
doliahin,가족,,,,,,,
domarsh,,,,"왜, 어찌하여, 어째서",,,,
dos,"10, 열, 십",,,,,,,
dosfatal,14월 (내년 2월),,,,,,,
doslytal,12월,,,,,,,
dossotal,13월 (내년 1월),,,,,,,
dostal,10월,,,,,,,
dosytal,11월,,,,,,,
dot,,사는(生),살다,,,,,
dotkom,,지내는,"지내다, 살아오다",,,,,
dotzozaque,"태어난 때, 태어날 때, 태어난 때",,,,,,,
dovri,복통,배가 아픈; 불편한,,,,,,
dozir,,욕심 많은,,,,,,
dozirkaämel,시오후키,,,,,,,
dozirmicin,욕심 많은 광부,,,,,,,
dozirmicinéstara,욕심 많은 광부 이야기,,,,,,,
dozirmoga,"복수(複數), 여러 개가 있는 모양",여러 개가 있는,,,,,,
dozirmogayúrgo,"복수어, 복수명사",,,,,,,
dozozaque,"언젠가, 언제",,,,,,,
dravi,등장,,나타나다,,,,,
draviàs,상징,,"나타내다, 보이게 하다, 보여주다",,,,,
drēgon,드래곤,,,,,,,
drivash,,운전하는,운전하다,,,,,
drivashin,운전자,,,,,,,
duiros,실수,실수하는,실수하다,,,,,
duol,위로(癒),위로하는,위로하다,,,,,
dürzia,"뜻, 의미","뜻하는, 의미하는","뜻하다, 의미하다",,,,,
dürziâs,,"정하는, 정의하는","정하다, 정의하다",,,,,
dürziatomaravîta,절의문자(x),,,,,,,
duthis,,,굽다,,,,,
é,,,,,"-의, -한",,,
ecúnn,"운(運, luck)",운이 좋은,,,,,,
ecúnnàs,업보청산,,,,,,,
eglika,영어(지역중립어),,,,,,,"영어, english"
eicquiapotúsin,마법사,,,,,,,
eicquiaputús,마법,마법같은,마법을 쓰다,,,,,
elen,운명,,,,,,,
elit,돈,돈이 많은,,,,,,"슈텔로 경제 프로토콜, ē"
elitfashas,은행,,,,,,,
elittag,자본주의,자본주의적인,,,,,,
engi,오렌지,,,,,,,"인명, Enji"
enifia,"부서, 관청(官廳)",,,,,,,
epinär,곡괭이,,,,,,,
erasheniluo,철학,,,,,,,
erasheniluoin,"철학자, 연구자",철학하는,"철학하다, 관철하다",,,,,
erc,,,,아직,,,,
erneüsnoque,,똥같은,,,,,,
erucel,"강좌, 튜토리얼, 강의",,,,,,,
ezit,"금방, 곧",,,벌써,,,,
fa,"4, 넷, 사",,,,,,,
fahülien,4차원,,,,,,,
fakaropmaque,콰르텟,,,,,,,
famiet,표창,,,,,,,
farum,달(천체),,,,,,,
fas,,,,,"-은, -는",,,
fashas,"장소, 곳",,,,,,,"에스페란토, plaĝo"
fashasnamyúrgorisque,소격(所格),,,,,,자소크어 명사의 격,"자소크어, fashas·namyúrgorisque"
fataicmúhivin,"선조보호자; 선조부모님, 오대조부모님",,,,,,,
fermúvesh,제련,,제련하다,,,,,
fatal,4월,,,,,,,
felosh,기쁨,,기뻐하다,,,,,"스페인어, feliz"
fera,얼굴,,,,,,,
fermú,철(원소),,,,,,,"라틴어, ferrum"
firad,불,태우는,태우다,,,,,"영어, fire"
firadhasälin,소방차,,,,,,,
fisharo,,공식(official),,,,,,
fiun,"전쟁, 싸움",싸우는,싸우다,,,,,
fiunador,무기,,,,,,,
fiunin,"장군, 선수",,,,,,,
fizalv,평화,평화로운,,,,,,
flago,,귀여운,,,,,,"영어, flamingo"
flukt,"영혼, 혼령, 생명; 삶, 인생",살아있는,"생명이 있다, 살다",,,,,"양자역학, fluctlight"
fluktkom,,살아오는,살아오다,,,,,
fluktsosaque,일생,,,,,,,
fogul,개구리,,,,,,,"슈텔로 은어, 뽀굴"
foloem,길이,,,,,,,
foloemhalus,,짧은,,,,,,
foloemhalusàs,요약,,요약하다,,,,,
foloemsulah,,긴(長),,,,,,
fonod,뿔,,,,,,,
fontlan,,맛있는,,,,,,
fti,나머지,남는,남다,,,,,
ftîksis,,남아있는,남아있다,,,,,
fudi,음식,,,,,,,"영어, food"
gäf,"재(載, 10^44)",,,,,,,
gäit,종료,"종료하는, 끝나는","종료하다, 끝나다",,,,,"자소크어, tiäg"
gaitevo,,,,가끔,,,,
gäitnamyúrgorisque,종착격,,,,,,자소크어 명사의 격,"자소크어, gäit·namyúrgorisque"
gaman,,원하는,원하다,,,,,"일본어, 我慢"
gamancamis,"원서, 지원서, 신청서",,,,,,,
gantika,토끼,,,,,,,
gay,"10000, 만(萬)",,,,,,,
genes,평균; 기대치,,,,,,,
geometre,기하학,,,,,,,"라틴어, geometria"
geshtal,전기,,,,,,,"독일어, Gestalt"
geshtalhinoc,전등,,,,,,,
geshtaluat,전화,,,,,,,
geshtaluatin,"전화기, 휴대폰",,,,,,,
gi,,,,,-에게,,,
gido,,어두운,,,,,,
gifas,,,,,-에게는,,,
girod,,듣는,듣다,,,,,
girodvizash,,들어보는,"(소리를, 얘기를) 들어보다",,,,,
gistari,거리(距離),,,,,,,
gitrudiska,귀찮음,귀찮은,,,,,,
gizúque,,"당(當)하는, 수준에 맞는","당(當)하다, 수준에 맞다",,,,,"스텔로 은어, 끄적"
glas,프로그램,,,,,,,
glaskrif,프로그래밍,프로그래밍하는,프로그래밍하다,,,,,
glaskrifin,"프로그래머, 개발자",,,,,,,
glish,,나는(飛),날다,,,,,"영어, glide"
glishin,비행기,,,,,,,
godrish,독,,,,,,,
gol,"알(egg, 卵)",,,,,,,
golis,"언니, 누나",,,,,,,
golú,금,,,,,,,
gom,고무,,,,,,,
gor,,위하는,위하다(for),"위해, 위해서",,,,
grosgesdai,,가망있는,,,,,,"슈텔로 은어, 그렇겠다"
grün,"초록색, 녹색",,,,,,,"독일어, grün"
grünpradol,청록색,,,,,,,
ha,,,,"때문에, 의해, 인해",,,,
halus,,작은,,,,,,"자소크어, sulah"
halusirosh,"방금, 아까, 조금 전(시간)",,,,,,,
hanös,"일, 사건; 현상",,,,,,,
hanöskrif,창업,창업하는,창업하다,,,,,
hanür,"밥, 주식(主食)",,,,,,,
hanürsiros,"디저트, 후식",,,,,,,
hârg,,단(甘),,,,,,
hârgshtain,사탕,,,,,,,
has,자신,,,,,,,
hasälin,자동차,,,,,,,
haskaämel,"자위, 수음",,,,,,,
hat,맛,,,,,,,
hazi,특(特)한,,,,,,,
hazidiorna,,특별한,,,,,,
hazidiornaski,"특이성, 특이점",,,,,,,
hep,대안,"대신하는, 보조적인",대신하다,,,,,"인명, HE_P_"
hepyúrgo,"대어(대명사, 대동사, 조사)",,,,,,,
hetem,분실,잃는,잃다,,,,,
hic,"날, 일(日)",,,,,,,"일본어, 日（ひ）"
hickos,"옆; 근처, 주변 환경; 곁",,,,,,,
hicmoga,날씨,,,,,,,
hidoc,,어려운,,,,,,"일본어, ひどい"
hidocì,"난이도, 어려운 정도",,,,,,,
higarú,계절,,,,,,,
hinoc,빛; 색,,,,,,,"일본어, 光"
hinocésohülien,빛의 3원색,,,,,,,
hinoctemp,,빛나는,빛나다,,,,,
his,"그, 그것",,,,,,,"영어, his"
hisin,그 사람,,,,,,,
hisquin,기타(其他),,,,,,,
hoire,"도시, 마을",,,,,,,
horco,"지, 그(비칭)",,,,,,3인칭 단수,
horcos,"지네들, 그들(비칭)",,,,,,3인칭 복수,
hotâr,새벽,,,,,,,"일본어, 蛍"
hoú,사이,,,,,,,
hoúyúrgo,"관계언, 조사",,,,,,,
hoze,장미,,,,,,,
hülien,"기본, 기초, 기반, 기저",,,"원래, 원래대로라면",,,,
hülienlofanis,순수학문,,,,,,,
humit,"거리, 길",,,,,,,
ifor,주먹,,,,,,,
ihic,하루,,,,,,,
ika,(특히 결과를 중심적으로 다루는) 학문,,,,,,,
ikaluo,학문,,,,,,,
iksis,,"있는, 존재하는","있다, 존재하다",,,,,
iksismarsh,"존재 이유, 의의",,,,,,,
iksisski,"존재, 실재하는 것",,,,,,,
il,"5, 다섯, 오",,,,,,,
ilets,불행,불행한,,,,,,
iltal,5월,,,,,,,
inar,"머리, 두부(頭部)",,,,,,,
inartailes,"머리카락, 머리털, 두발",,,,,,,
inatantish,처음,,,,,,,
inatantishflukthic,생일,,,,,,,
inatantishfluktzozaque,"태어난 때, 태어날 때, 태어난 때",,,,,,,
inatantishlofanfashas,초등학교,,,,,,,
inatantishlofanfashasin,초등학생,,,,,,,
inel,,떨어지는(落),떨어지다(落),,,,,
insürta,"사실, 진실, 진짜, 진리, 실제, 참, 정답",옳은,맞다,,,,[대화] 그러고 보니까,
insürtacamis,답지,,,,,,,
insürtaiksis,,실재하는,실재하는,,,,,
insürtamatikapota,실수(수학),,,,,,,
insürtaquê,참깨,,,,,,,
insürtaquepamp,참깨빵,,,,,,,
insürtâtrüsni,"거짓 진실, 제3의 거짓말; 속임수",유리한 방식으로 대화를 이끌어가는,"거짓처럼 들리는 진실을 말하다, 제3의 유형으로 거짓말을 치다; 자신에게 유리한 방식으로 대화를 이끌어가다",,,,,
insürtavaisausentrah,덕(德); 알짜힘(물리학),덕이 있는,,,,,,
ionvesh,이온화,이온화하는,이온화하다,,,,,
irosh,"전, 예전",예전,,,,,,
iroshéalonin,"전 애인, 전 연인",,,,,,,
iroshnaris,"질문, 문제; 물음",묻는,묻다(問),,,,,
itar,보정,맞추는,맞추다,,,,,
ivash,성별,,,,,,,
iveque,모래,,,,,,,
iveque,사막,,,,,,,
iz,,"인 (是, being)",이다 (是; to be),,,,,
izah,"보통, 평범","보통의, 평범한",,"보편적으로, 평범하게",,,,
izahanroid,,,,"평소와 같이, 특별하지 않게",,,,
izozaque,"순간, 찰나",,,,,,,
kaäd,,엉성한,,,,,,
kaämel,오르가즘,오르가즘을 느끼는,오르가즘을 느끼다,,,,,
kaämelvator,정액,,,,,,,
kadas,"책, 도서",,,,,,,
kadasdoilah,도서관,,,,,,,
kafci,눈(目),,,,,,,
kafcinema,시선,,,,,,,
kafcivator,눈물,,,,,,,
kafe,커피,,,,,,,
kafelate,카페라떼,,,,,,,
kaif,,귀찮은,,,,,,
kano,눈(雪),,,,,,,
kanoquorsin,눈사람,,,,,,,
kaquat,가사(歌詞),,,,,,,
karma,업보,,,,,,,
karop,,,,"함께, 같이; 동시에",,,,
karopdino,"음악, 곡",,,,,,,
karopdinouagiz,편곡,편곡하는,편곡하다,,,,,
karopdinouagizin,편곡가,,,,,,,
karopdios,,"함께하는, 같이하는, 협업하는; 겸하는","함께하다, 같이하다, 협업하다; 겸하다",,,,,
karopmaque,합창,,,,,,,
karopnatio,"연방국, 연합국",,,,,,,
karopski,"연합, 협력",,,,,,,"자소크어, karop·ski"
karopskinamyúrgorisque,수반격,,,,,,자소크어 명사의 격,"자소크어, karopski·namyúrgorisque"
karoptrend,약속,약속하는,약속하다,,,,,
kat,"소(牛, cow)",,,,,,,
kav,,"관련된, 관한, 대한","관련하다, 관하다(關), 대하다(對)",,,,,
kemîka,화학,,,,,,,
kimes,"언론, 기사(article)",,,,,,,
kiskokakiksaktas,잰말놀이,발음하기 어려운,,,,,,
kiskokakiksaktaskomkos,잰말놀이 문장,,,,,,,
kitish,"남, 남쪽",,,,,,,
koan,화해; 용서,용서하는,용서하다,,,,,
kom,,오는,오다(來),,,,,
komkos,문장,,,,,,,
konäm,,가꾸는,가꾸다,,,,,
konämtemp,,가꾸어 내는,가꾸어 내다,,,,,
konir,,"챙기는, 신경쓰는, 마음에 두는, 마음을 쓰는","챙김, 신경씀, 마음에 둠, 마음을 씀",,,,,
konirvist,,챙겨주는,챙겨주다,,,,,
koros,끈적거림,끈적거리는,,,,,,
krif,제작,"만드는, 제작하는","만들다, 제작하다",,,,,
krifika,공학,,,,,,,
krifin,"만드는 사람, 창조자",,,,,,,
krifprepos,,,만들어 두다,,,,,
krifspika,인공어,,,,,,,
krifvizash,,만들어 보는,만들어 보다,,,,,
kromad,,"없애는, 없어지게 하는","없애다, 없어지게 하다",,,,,
kromadùque,,"없어지는, 사라지는","없어지다, 사라지다",,,,,
krút,공기,,,,,,,
firadkrút,연기(燃氣),,훈연하다; 훈제하다,,,,,
krútski,기체,,,,,,,
la,,,,그 후에,그 다음,,,
laiv,라이브,"실제의, 눈 앞에서 펼쳐지는",라이브하다,,,,,
lalo,착각,,착각하다,,,,,
laro,,,,,"또는, 아니면, 혹은",,,
lash,각(角); 모퉁이,,,,,,,
laz,,,,,,,[대화] 여보세요,
lazü,,,,"굉장히, 아주, 상당히, 완전, 매우",,,,
lazverdi,,,,,,,미안합니다,
leimup,,"멍청한, 둔한",,,,,,
leka,초(秒),,,,,,,
lemaäque,고통,고통스러운,고통을 받다,,,,,
len,연결,잇는,잇다(繋),,,,,
lenvaisausentrah,끈기,,,,,,,
letera,편지,,,,,,,
leteradoilah,우체통,,,,,,,
letua,,쉬는,쉬다,,,,,
letuasosaque,쉬는 시간,,,,,,,
lig,권리; 권한,,,,,,,
lindú,줄; 순서; 목차,,,,,,,
lindúhasälin,"열차, 기차; 지하철",,,,,,,
lindúnamyúrgorisque,서격,,,,,,자소크어 명사의 격,"자소크어, lindú·namyúrgorisque"
lindús,"리스트, 목록",,,,,,,
dioslindús,"메뉴, 메뉴판",,,,,,,
linfos,"기록, 정보",,,,,,,
linque,"웹페이지 주소, 링크",,,,,,,
lipún,병(病),,,,,,,
lipúnfashas,병원,,,,,,,
lipúnskad,백신,,백신을 맞다,,,,,
lipùnskadàs,백신 접종,,백신을 놓다,,,,,
lique,바(所),,,"~처럼, ~같이",,,,
lis,,모으는,모으다,,,,,
lisquet,"판, 버전; 곱셈; 배(times, 단위)","배의, -와 비교하여 아주 많은",곱하다,,,,,
litaicmúhivin,증조보호자; 증조부모님,,,,,,,
litamai,축복,축복하는,축복하다,,,,,
livash,"남자, 남성",,,,,,,
livera,사다리,,,,,,,
liviat,초(超),"(긍정적 의미로)너무하는, 뛰어난, 빼어난",넘다,,,,,
liviatàs,스킵,넘기는,넘기다,,,,,
liviatciatasäque,,"추운, 차가운",,,,,,
liviatlofanfashas,대학교,,,,,,,
liviatlofanfashasin,대학생,,,,,,,
liviatlofanùque,초론(ultraism),,,,,,,
liviatshain,너무나 좋은 것; 쾌감,너무 좋은,,,,,,
liviattaicasäque,,"더운, 뜨거운",,,,,,
livizash,중용,조화가 잘 지켜진,"중용을 지키다, 조화롭게 행동하다",,,,,
livkosque,금지,금지하는,금지하다,,,,,
lizte,꽃,,,,,,,
lo,,,,,"-을, -를",,,
lofan,공부,배우는,배우다,,,,,
lofanàsin,"선생님, 교수",,,,,,,
lofanfashas,"학교, 학원(學院)",,,,,,,
lofanhanös,학교 생활,,,,,,,
lofanhanössiros,방과후,,,,,,,
lofankadas,"교재, 교과서",,,,,,,
lofanshitnatani,졸업,졸업하는,졸업하다,,,,,
lofansosaque,학기,,,,,,,
lofanùque,알림; 종교,"가르치는, 알리는","가르치다, 알리다",,,,,
login,로그인,로그인하는,로그인하다,,,,,
lomia,역경,힘든,힘들어하다,,,,,
vuere,오른쪽,,,,,,,
ereuv,왼쪽,,,,,,,
lomialofanfashas,중학교,,,,,,,
lomialofanfashasin,중학생,,,,,,,
luo,(특히 과정을 중심적으로 다루는) 학문,,,,,,,
ly,"2, 둘, 이",,,,,,,
lyhülien,2차원,,,,,,,
lyhülienski,평면,,,,,,,
lykaropmaque,듀엣,,둘이서 노래부르다,,,,,
lymof,2000,,,,,,,
lynam,"성 (姓, 혈통 이름)",,,,,,,
lyskad,"듀오블록 게임, 공수교대 게임 (슈텔로 민속놀이)",,,,,,,
lysonam,"이씨(二氏), 현재 가족의 이름",,,,,,,
lytal,2월,,,,,,,
maä,쐐기,,,,,,,
maf,해(垓),,,,,,,
mäf,극(極),,,,,,,
maka,"일, 할 일, 마감, 과제, 숙제","일을 하는, 마감을 하는, 과제를 하는","일을 하다, 마감을 하다, 과제를 하다",,,,,
makafashas,회사,,,,,,,
makin,가수,,,,,,,
makvizash,,"불러보는, 노래해보는","불러보다, 노래해보다",,,,,
malefique,장난,장난치는,장난치다,,,,,
maney,,책임지는,책임지다,,,,,
maque,노래,"노래하는, 부르는","노래하다, 부르다(歌)",,,,,
marakromad,실직; 해고,실직하게 함,"실직시키다, 해고하다",,,,,
marav,바람(風); 바람(願),바라는,바라다(願望),,,,,
maravvizash,,바라보는,바라보다,,,,,
marquin,즐거움,재미있는,,,,,,
marsh,"이유, 원인",,,,,,,
marshad,목적,,,,,,,
marshadnamyúrgorisque,목적격,,,,,,자소크어 명사의 격,"자소크어, marshad·namyúrgorisque"
marshvist,동기 부여,,,,,,,
marvlat,,"깨끗한, 맑은",,,,,,
masha,,많은,,,,,,
mashairoshhic,옛날,,,,,,,
mashairoshhichanös,역사,,,,,,,
mashamaka,많은 일,바쁜,,,,,,
mashapoirn,,누리는,누리다,,,,,
mashasosakin,노인,,,,,,,
mashasosaque,시대,"늙은, 오래된",,,,,,
mashque,도전,"도전하는, 도전적인",도전하다,,,,,
masique,,"망하는, 부서지는, 무너지는","망하다, 부서지다, 무너지다",,,,,
mat,,,,다시,,,,
matika,수학,,,,,,,
matikapota,수(수학),,,,,,,
matikâravîta,숫자,,,,,,,
matinatantishtiäg,,갈아엎는,"갈아엎다, 초기화하다",,,,,
modilmok,입장,,들어가다,,,,,
matkom,,돌아오는,돌아오다,,,,,
matlofan,복습,복습하는,복습하다,,,,,
matmoque,,돌아가는,돌아가다,,,,,
matnarisàs,"재언급, recap",,다시 언급하다,,,,,
matvist,,"반환하는, 돌려주는","반환하다, 돌려주다",,,,,
matvizash,반성,"돌아보는, 다시 보는; 반성하는","돌아보다, 다시 보다; 반성하다",,,,,
megias,"문화, 양식",,,,,,,
megiastutayúr,문화권,,,,,,,
memo,"메모, 필기",메모하는,메모하다,,,,,
memofashas,메모장,,,,,,,
mic,광질,광질하는,광질하다,,,,,
micin,광부,,,,,,,
miet,이(齒),,,,,,,
mig,,핥는,핥다,,,,,
migiksise,,핥고 있는,핥고 있다,,,,,
mineu,"창문, 창; 화면",,,,,,,
minevrutan,"편승, 무임승차",,"편승하다, 무임승차하다",,,,,
mira,"우리들, 우리",,,,,,,
miré,,"나의, 저의, 내, 제",,,,,,
miro,"나, 저",,,,,,,
mitoda,"방법, 수",,,,,,,
modifia,"규칙, 법, 규율",규칙으로 제정되어있는; 법을 지키는,규칙으로 제정하다; 법을 지키다,,,,,
modil,,드는,들다(入),,,,,
modilkom,,들어오는,들어오다,,,,,
mog,아침,,,,,,,
moga,"모양, 형태",,,,,,,
mogosa,마음,,,,,,,
mokkom,,"도착하는, 당도하는","도착하다, 당도하다",,,,,
moque,,가는,가다(行),,,,,
moquvator,강,,,,,,,
mor,"1000, 즈믄, 천",,,,,,,
morel,공동,"공동 소유한, 공유하는",공유하다,,,,,
muder,,,,"-씩, -마다 한번",,,,
múhiv,,"지키는, 보호하는","지키다, 보호하다",,,,,
múhivin,보호자; 부모님,,,,,,,
múhivùquil,아들,,,,,,,
múhivùquin,"자식, 아들과 딸; 딸",,,,,,,
muraf,"태양, 해",,,,,,,
murafhinoc,"햇빛, 태양광",,,,,,,
naf,정령,,,,,,,
näf,간(澗),,,,,,,
nagman,,버리는,버리다(捨),,,,,
nagmanski,쓰레기,,,,,,,
nah,,아닌,,,,,"[대화] 아니요, 아니; (부정문)",
nahdenam,불가능,불가능한,,,,,,
nahdisatag,"오류, 예외",오류가 나는,오류를 범하다,,,,,
nahliviat,,"불과한, 미치지 못하는","불과하다, 미치지 못하다",,,,,
nahski,부정(否定),부정적인,,부정적으로 ,,,,
nahskiyúrgo,부정어(否定語),,,,,,,
nahuagiz,,"절대적인, 변하지 않는, 불변의",,,,,,
nam,"이름, 성명, 특히 풀네임",,,,,,,
namgan,,키우는,키우다,,,,,
nammatikâravîta,이름수,,,,,,,
namyúrgo,명사,,,,,,,
namyúrgorisque,격(格),,,,,,명사의 격,"자소크어, namyúrgo·risque"
nanig,,"잊는, 망각하는","잊다, 망각하다",,,,,
napul,,"말미암는, 의하는","말미암다, 의하다",,,,,
naput,손,넣는,넣다,,,,,
naputcamis,"휴지, 화장지",,,,,,,
naputin,입력기,,,,,,,
naputnam,"풀네임, 공식명칭, 정식명칭",,,,,,,
naris,지식,아는,알다,,,,,
narisa,과학,,,,,,,
narisanroid,믿음,믿는,믿다,,,,,
narisasùque,,알려지는,알려지다,,,,,
naristempùque,계산,알아내는,알아내다,,,,,
natio,"나라, 국가",,,,,,,
natioacentem,정부 (政部),,,,,,,
natiohic,명절,,,,,,,
natioin,"국민, 백성",,,,,,,
natiointag,민주주의,민주주의적인,,,,,,
natiomaque,국가(國歌),,,,,,,
necosh,,약한,,,,,,
nema,선(線),,,,,,,
niash,,나쁜,,,,,,
niashdaterma,버릇,,,,,,,
niashin,악마,,,,,,,
nieg,이불,,,,,,,
nilä,,,못 움직이게 하다; 잠그다,,,,,
nique,"안, 속, 내부",안쪽의,,,,,,
niqupota,내용,내용적인,내용을 쓰다,,,,,
niquvizashùque,노출,노출하는,노출하다,,,,,
nira,"너희, 너희들",,,,,,,
niré,,"너의, 네",,,,,,
niro,너,,,,,,,
nish,동쪽,동쪽의,,,,,,
nit,"저녁, 밤",,,,,,,
nivash,"여자, 여성",,,,,,,
noh,"0, 영; 없는",,,,,,,
nohdino,"침묵, 무음",,,,,,,
nohmatikâravîta,,"무수한, 셀 수 없는",,,,,,
nohnatioacentemtag,무정부주의,,,,,,,
nohski,"아무것도 아닌 것, 무위",,,,,,,
nohveshàs,무효화,무효화하는,"무효화하다, 해제하다, 풀다",,,,,
noiz,,"싫어하는, 싫은",싫어하다,,,,,"인명, 노이즈"
non,"나이, 연세, 연령; 살","늙은, 나이가 많은",,,,,,
nor,,노란 (yellow),,,,,,
norco,"니, 너(비칭)",,,,,,2인칭 단수,
not,,,,,"-에는, -엔",,,
notnamyúrgorisque,어격,,,,,,자소크어 명사의 격,"자소크어, not·namyúrgorisque"
nov,,새로운,,,,,,
nuiz,부분; 계정,부분적인,,,,,,
nula,"환상, 좋아보이지만 다가갈 수 없는 것; 상실감",환상적인,,,,,,
o,,,,,,,[감탄] 오.,
ö,[호칭] 님,,,,,,단어의 격을 높이기 위해 붙이는 관사,
öa,"깃발, 기(旗)",,,,,,,
oatat,"아이, 어린이",,,,,,,
odig,,밝은,,,,,,
odislifaz,,"민감한, 예민한",,,,,,
ogliats,,오글거리는,,,,,,
oh,,"더하는, 추가하는","더하다(加), 추가하다","더(more), 더욱",,,,
ohuat,"첨언, 참고, 비고",,"첨언하다, 말을 끼얹다",,,,,
öiksis,,계시는,"계시다, 있으시다",,,,,
oiy,,,,,,,[대화] 응.,
okarina,오카리나,,,,,,,
ol,"다, 모두, 전체",모든,,,,,,
oldaseque,유니버설 디자인; 접근성,,,,,,,
olvat,다리(신체)(脚),,,,,,,
olvattailes,다리 털,,,,,,,
ömashaquorsin,여러분,,,,,,,
ome,,부탁하는,부탁하다,,,,,
omeski,부탁,,,,,,,
öniré,,"당신의, 귀하의",,,,,,
öniro,"당신, 귀하",,,,,,,
operat,오페라,,,,,,,
opor,"앞부분, 앞",,,,,,,
or,,나오는,나오다,,,,,
oriksis,,나와있는,나와있다,,,,,
orüd,,먹는,먹다,,,,,
orüdplanaria,식충식물,,,,,,,
ösatquorsinligéuat,세계인권선언,,,,,,,
ösh,,"잘하는, 능숙한",,"잘, 능숙히",,,,
osha,"원, 동그라미; 구; 공원",동그란,,,,,,
oshavrisiad,원주율; 파이(pie),,,,,,,
öshùque,,,,,,,[사어] 좋아짐,
oski,,"감탄하는, 놀라는","감탄하다, 놀라다",,,,,
oskiyúrgo,감탄사,,,,,,,
ösulah,,"위대한, 대단한",,,,,,
ötaic,왕,,,,,,,
öuat,말씀; 선언,말씀하시는,말씀하시다,,,,,
oven,,여는,열다,,,,,
övist,드림,,,,,,,
oy,,,,,,,"[감탄] 어머, 세상에; 오호",
pain,"성적, 성과, 실적; 점수",,,,,,,
pamp,빵,,,,,,,
paradic,행진,행진하는,행진하다,,,,,
narisprepos,,,"알아두다, 기억하다",,,,,
patra,,"뚫는, 구멍을 내는","뚫다, 구멍을 내다",,,,,
patralindú,방사선,,,,,,,
paut,모호성,모호한,,,,,,
pershanta,"퍼센트(%), 푼",,,,,,,
planaria,식물,,,,,,,
poirn,,"쓰는, 사용하는, 이용하는","쓰다, 사용하다, 이용하다",,,,,
poirnvist,,써주는,써주다,,,,,
poirnvizash,,"써 보는 , 사용해 보는","써보다, 사용해 보다",,,,,
poret,귤,,,,,,,
pot,팥,,,,,,,
pota,글,쓰는,(글을)쓰다,,,,,
potacamis,문서,,,,,,,
pradol,파랑,란,,,,,,
pradolalivay,보라색,보라색의,,,,,,
prepos,,두는,"두다(置), 놓다",,,,,
priza,"서로, 상호",,,"서로, 상호",,,,
prizazur,상호작용,상호작용하는,상호작용하다,,,,,
puat,저항; 지연,저항이 있는,,,,,,
puatàs,,"저항을 거는, 지연시키는",저항을 걸다; 지연시키다,,,,,
pumiel,,똑똑한,,,,,,
púr,"나누기 (분수 표현, 단위 표현 등에 사용)",,나누다,,,,,
púrtag,공산주의,,,,,,,
qua,,눕는,눕다,,,,,
quare,카레,,,,,,,
quarfis,,미는,밀다,,,,,
quav,,"건강치 못한, 바람직하지 못한",,,,,,
quê,깨,,,,,,,
quedas,,깨는,깨다(割),,,,,
quiä,기(氣),,,,,,,
quilas,승인; 동의,승인하는; 동의하는,승인하다; 동의하다,,,,,
quin,"바깥, 외부, 겉, 밖",바깥쪽의,,,,,,
quiniloú,,,,,"그보다도, by the way, 그나저나",,,
quinvesh,,"나가는, 물러나는","나가다(退), 물러나다",,,,,
quocer,,연구하는,연구하다,,,,,
quohoú,"관계, 사이(仲)",,,,,,,
quoncentrar,집중,집중하는,집중하다,,,,,
quorec,심장,,,,,,,
quoreczur,심장 박동,,,,,,,
quoriz,적(敵),,,,,,,
quorsin,"인간, 사람",,,,,,,
quorsinlig,인권,,,,,,,
quorsinshain,,사람을 좋아하는,사람을 좋아하다,,,,,
quorsinuat,"인삿말, 인사말",,,,,,,
quovizash,만남,"만나는, 사람을 보는","만나다, 사람을 보다",,,,,
qupú,구리,,,,,,,
rad,,,,,"-보다, -와 비교해서",,,
raduv,,느린,,느리게,,,,
raf,"10^16, 경(京)",,,,,,,
rasp,영향,영향을 주는,영향을 주다,,,,,
raspuque,,영향을 받는,영향을 받다,,,,,
rat,"음(陰, yin)",,,,,,,
remus,겨울,,,,,,,
restor,,보내는,보내다,,,,,
rici,,"멋있는, 멋진",,,,,,
rifo,,,,,"그래서, 그렇기에, 그러므로, 따라서, 고로",,,
rina,"안타까움, 연민, 동정",안타까운,,,,,,
rinü,하늘,,,,,,,
rinüalivay,"새, 조류",,,,,,,
rinühinoc,번개,,,,,,,
rinünatio,"하늘나라, 천국",,,,,,,
rinüvator,비,,,,,,,
rinüvatorshtainglishin,기관총,,,,,,,
risque,"상황, 상태",,,,,,,오리지널
riü,형제,,,,,,,"인명, leeyu"
riüalon,형제애,,,,,,,"자소크어, riü·alon"
rivon,죄,죄가 있는,,,,,,
rivonin,죄인,,,,,,,
rod,"100, 온, 백",,,,,,,
rogi,,(장난 등이) 통하는,(장난 등이) 통하다,,,,,
rogrúimansah,더 이상 사용되지 않는 것,"더 이상 사용되지 않는, deprecated된",,,,,,
ronaldis,혼돈,섞는,섞다,,,,,
ropo,"뒷부분, 뒤","뒤의, 뒷부분",,,,,,
roponuiz,뒷계,,,,,,,
ropouat,"뒷말, 뒷담화",뒷담화하는,뒷담화 하다,,,,,
roú,,,,,"-로, -으로",,,
ruintginümú,뢴트게늄,,,,,,,
rus,"광대, 클라운",,,,,,,
rüsha,"공짜, 무료",,,"단지, 그냥",,,,
rüsque,,씨발,"씹하다, 씨발다","씨발게, 씨발도록",,,씨발,
rüsquin,"씨발 사람, 씨발놈",,,,,,,
rutan,승차,타는(乘),타다(乘),,,,,
saf,"양(穣, 10^28)",,,,,,,
säia,비밀,,,,,,,
sail,발(足),,,,,,,
sailit,클릭,,누르다,,,,,
vueresailit,"오른쪽 클릭, 우클릭",,우클릭하다,,,,,
sailitin,버튼,,,,,,,
salique,"거부, 거절","거절하는, 거부하는","거부하다, 거절하다",,,,,
samish,,,,,"-와, -과",,,
sanaz,,부러운,부러워하다,,,,,
sat,"세계, 세상; 세계관",,,,,,,
satanä,컴퓨터,,,,,,,
savat,,"가두는, 감금하는","가두다, 감금하다",,,,,
savatfashas,감옥,,,,,,,
sazigau,실행 취소,되돌리는,되돌리다,,,,,
sci,,"미치는, 미친",미치다,,,,,
sefez,우울,우울한,우울해하다,,,,,
sefezlipún,우울증,우울증에 걸린,우울증을 겪다,,,,,
seht,반짝임,반짝이는,반짝이다,,,,,
semosqualen,게슈탈트 붕괴,,,,,,,
semü,기분; 감정,,,,,,,
semüshain,,"즐거운, 재밌는",,,,,,
semüshainfiun,"내기, 대결",대결하는,대결하다,,,,,
semüshainski,"게임, 오락, 장난",장난스러운,,,,,,
servico,서비스,서비스하는,서비스하다,,,,,
sesin,"놂, 놀음",,,,,,,
shaf,"아승기, 10^56",,,,,,,
shain,,"좋아하는, 좋은",좋아하다,,,,,"인명, 김샤인"
shainémog,,,,,,,[인사] 좋은 아침입니다.,
shainénit,,,,,,,"[인사] 좋은 밤 보내세요, 안녕히 주무세요, 잘 자.",
shainkromadùque,환멸,환멸하는,"기대를 하고 있었던 것이 없어지다, 현타가 오다, 환멸(幻滅)하다",,,,,
shainsinta,양심,양심적인,,,,,,
shaten,경험,겪는,겪다,,,,,
shavi,성기,,,,,,,
shavifashas,"화장실, 변소",,,,,,,
shavil,남성기,,,,,,,
shavin,여성기,,,,,,,
shaviski,"대변, 똥",,,,,,,
shavitailes,"성기 털, 음모",,,,,,,
shavivator,"오줌, 소변",,,,,,,
she,"7, 일곱, 칠",,,,,,,
shec,주(週),,,,,,,
shetal,7월,,,,,,,
shigo,,대단한,,,,,,
shitnatani,"끝, 마지막; 결과",끝내는,끝내다,,,,,
shitnataniéaikifgrün,마지막 잎새,,,,,,,
shitnatanîka,논리학,,,,,,,
shocen,,"강한, 센",,,,,,
sholef,슬픔; 충동,슬픈; 슬퍼하는,슬퍼하다,,,,,
sholefsum,"한숨, 한탄",한숨쉬는,한숨쉬다,,,,,
shtain,돌,,,,,,,
shtainglishin,총,,,,,,,
shtelia,협동조합,,,,,,,
shtelo,"모임, 커뮤니티; 떼",,,,,,,"에스페란토, stelo"
shteloin,회원,,,,,,,
shtelon,"토론, 토의; 생각나는 것을 아무렇게나 말하는 대화","토론하는, 토의하는","토론하다, 토의하다",,,,,
shtor,,"담는, 보관하는","담다, 보관하다",,,,,
sifraque,,,당기다,,,,,
sih,,"그러한, 그런",그러하다,,,,,
sihskis,그러한 것,,,,,,기타 등등,
silasf,울림,울리는,울리다(泣),,,,,
silasfùque,"울음, 욺",우는,울다,,,,,
silog,"형, 오빠",,,,,,,
sim,,따르는,따르다(追),,,,,"인명, 시모킴"
sinas,,전하는,전하다(傳),,,,,
sindrome,술,마시는,마시다(飮),,,,,
sinom,,"헤매는, 헤매이는",헤매이다,,,,,
sinta,성격,,,,,,,
sinvud,존엄,,,,,,,
sion,,"예쁜, 미적인",,,,,,
sionlofan,미학(aesthetics),,,,,,,
sionquedas,조각상,,,,,,,
sira,"누군가들, 아무개들",,,,,,,
siran,무지,"모르는, 무지한","모르다, 모르는 상태로 있다",,,,,
siro,"누군가, 아무, 누구",,,,,,,
siros,다음,,,,,,,
siroshic,"다음날, 내일",,,,,,,
sirozur,,,,,"아무튼, 아무렇든지 간에",,,
sivú,은(원소),,,,,,,
siziat,,아름다운,,,,,,
sizin,몸,,,,,,,
sizinquiä,호르몬,,,,,,,
skad,공격,막는,막다; 공격하다,,,,,
ski,것,,,,,,,
so,"3, 셋, 삼",,,,,,,
sohülien,3차원,,,,,,,
sohülienski,공간,,,,,,,
sokaropmaque,트리오,삼중창하는,삼중창하다,,,,,
sol,신(神),,,,,,,
solévlosa,신의 목소리,,,,,,"[문어] 마음을 담아, 사랑하는 사람에게, 고마운 사람에게",
somiet,삼지창,,,,,,,
sommit,수영,수영하는,"수영하다, 헤엄치다",,,,,
sonam,"씨 (氏, 가족 이름)",,,,,,,
soni,,,팔다(賣),,,,,
sonia,"역(驛), 지하철역",,,,,,,
soniadoliah,역사(驛舍),,,,,,,
soris,이전,,,,,,,
sorishic,어제,,,,,,,
sosaklindú,"과정, 단계",,,,,,,
sosaknema,시간대; 시각선,,,,,,,
sosaque,"시간 (길이가 있는), 기간",,,,,,,
sotaicmúhivin,고조보호자; 고조부모님,,,,,,,
sotal,3월,,,,,,,
spac,정적,조용한,조용히 하다,,,,,
spika,"언어, 언어학",,,,,,,
spikalindú,어순,,,,,,,
spo,,,,,-부터,,,
spred,,현명한,,,,,,
sshi,스시,,,,,,,
stara,이야기; 소통,,,,,,,
steli,행복,행복한; 행복하는,,,,,,
stos,,"단단한, 굳은",,,,,,
stosshocen,,굳센,,,,,,
suan,,밖에 없는,,오직,"뿐, -만",,,
suandürzia,"의외, 뜻밖","의외의, 뜻밖의",,,,,,
suces,노랑,노란,,,,,,
sulah,,큰,,,,,,
sulahmarav,"태풍, 폭풍, 돌풍","태풍치는, 폭풍치는, 돌풍이 부는","태풍치다, 폭풍치다, 돌풍이 불다",,,,,
sulahrinü,우주,,,,,,,
sulahski,크기,,,,,,,
sulahvator,호수,,,,,,,
sum,숨,"숨쉬는, 호흡하는","숨을 쉬다, 호흡하다",,,,,
sumer,여름,,,,,,,
suquer,춤,춤을 추는,추다(舞),,,,,
süt,상자,,,,,,,
suüy,,창백한,,,,,,
svo,,,,,-에서,,,
svofas,,,,,-에서는,,,
svosuan,,,,,"-에서만, -서만",,,
tag,"이성, 생각",생각하는,생각하다,,,,,
tagmatàs,세뇌,세뇌하는,세뇌하다,,,,,
tagvizash,,생각해 보는,생각해 보다,,,,,
taic,,높은,,,,,,
taicasäque,,따뜻한,,,,,,
taichinoc,영광,,,,,,,
taiclofanfashas,고등학교,,,,,,,
taiclofanfashasin,고등학생,,,,,,,
taicmúhivin,조보호자; 조부모님,,,,,,,
taicnatio,제국,,,,,,,
taicnatio,왕국,,,,,,,
taicquorsingolú,왕관,,,,,,,
taicquorsingolúéälinùqulipún,코로나바이러스(CoV-h),,,,,,,
tailes,"털, 체모",,,,,,,
taileskromad,왁싱,제모하는,제모하다,,,,,
tal,"달, 월, 개월(단위)",,,,,,,
talärge,윤년(閏年),,,,,,,
taliumú,탈륨,,,,,,,
talleka,윤초(閏秒),,,,,,,
taque,옷,,,,,,,
tar,"양(陽, yang)",,,,,,,
tas,"땅, 섬, (특히) 공중섬",,,,,,,
tasdia,지도,,,,,,,
tatao,어른,어른스러운,,,,,,
taunlod,다운로드,내려받는,내려받다,,,,,
taup,설명,"설명을 잘 하는; 명확한, 확실한",잘 설명하다,,,,,
taupyúrgo,관사(article),,,,,,,
tavla,,"대략, 약(전치수식)",,,,,,
tavlo,팔(腕),,,,,,,
tavlotailes,"겨털, 겨드랑이 털; 팔에 난 털",,,,,,,
te,"9, 아홉, 구",,,,,,,
temp,,나는(出),나다(出),,,,,
tempmoque,,나아가는,나아가다,,,,,
temptutayúr,만(灣),,,,,,,
tempùque,,내는(出),내다(出),,,,,
ter,,"밝히는, 비추는","밝히다, 비추다",,,,,
tetal,9월,,,,,,,
y'arduino,아두이노,,,,,,,
y vocaloid[vokaloid],보컬로이드,,,,,,,
thalis,고래,,,,,,,
tho,,,,,-까지,,,
ti,,붙는,붙다,,,,,
tia,,,,,"그런데, 하지만, 그래도; -번째",,,
tiäg,시작,시작하는,시작하다,,,,,"한국어, 시작"
tiägfashas,"출처, 원산지",,,,,,,
tiägnamyúrgorisque,시발격,,,,,,자소크어 명사의 격,"자소크어, tiäg·namyúrgorisque"
tiàs,부착,붙이는,붙이다,,,,,
tiasut,천재,,,,,,,
tier,,선명한,,,,,,
tika,"셈; 산수, 산학",세는,세다(數),,,,,
tion,가리킴; 함수(수학),가리키는,"가리키다, 맞추다, 대응하다, 매핑(mapping)하다",,,,,
tiski,부호,,,,,,,
tispika,교착어,,,,,,,
tiv,,"까는, 기반으로 하는; 짚는; 의지하는","깔다, 기반으로 하다; 짚다; 의지하다",,,,,
tod,죽음,죽는,죽다,,,,,
todflukt,"유령, 귀신",,,,,,,
todmarsh,사인,,,,,,,
todùh,위험,죽을 수 있는; 위험한,죽을 수 있다,,,,,
todùque,,"죽이는, 살인하는","죽이다, 살인하다",,,,,
todùquvidi,,죽여버리는,죽여버리다,,,,,
toi,,걷는,걷다,,,,,
tom,,"자르는, 끊는","자르다, 끊다",,,,,
tomdia,그림자,,,,,,,
tomnah,,끊임없는,,끊임없이,,,,
tou,,,,,"-이라고, -라고",,,
touat,,"~라고 부르는, ~라고 하는","~라고 부르다, ~라고 하다",,,,,
toufas,,,,,"-이라고 하는 것은, -이란",,,
touski,인용,인용하는,인용하다,,,,,"자소크어, tou·ski"
touskinamyúrgorisque,인용격,,,,,,자소크어 명사의 격,"자소크어, touski·namyúrgorisque"
tranür,번역,번역하는,번역하다,,,,,
tranürin,번역기,,,,,,,
trend,"예정, 일정, 계획",,,,,,,
tumas,가을,,,,,,,
tupan,빼기,빼는,빼다,,,,,
tupannam,"약칭, 약자",,,,,,,
turad,,먼(遠),,"간접, 간접적으로",,,,
turadlofanùque,"광고, 홍보",,,,,,,
tusait,바보,,,,,,,
tutayúr,"땅, 흙",,,,,,,
tutayúrika,기하학,,,,,,,
tutayúrosha,지구,,,,,,,
u,,,,,-에,,,
uagiz,변화,바뀌는,바뀌다,,,,,
uagizàs,변경,바꾸는,바꾸다,,,,,
uagizspika,굴절어,,,,,,,
uat,"말, 대화",말하는,말하다,,,,,
uatacentem,"주제, 화제",,,,,,,
uatash,"북, 북쪽",북쪽의,,,,,,
uatsinta,발음,,,,,,,
úce,업보,업보가 쌓인 상태에 있는,,,,,,
úf,꿀,,,,,,,
ügra,위(上),,,,,,,
ügranema,"온라인, 인터넷",,,,,,,
ül,,"외우는, 외는",외우다,,,,,
ümer,점프,뛰는,"뛰다, 점프하다",,,,,
umiv,,달리는,달리다(走),,,,,
umivmoque,,달려가는,달려가다,,,,,
umm,,입는,입다(着),,,,,
umsha,자유,자유로운,,,,,,
úmuilat,모기,,,,,,,
ünäla,장인,,,,,,,
unas,필요,필요한,필요로 하다,,,,,
unët,단위,,,,,,,
üpa,감사,감사하는,감사해하다,,,,,
úrima,"과도한 진행, 뇌절",뇌절인,뇌절하다,,,,,
ürpat,,"돕는, 지원하는","돕다, 지원하다",,,,,
ürpatmaque,"화음, 코러스",,,,,,,
ürpatnamyúrgorisque,보조격,,,,,,자소크어 명사의 격,"자소크어, ürpat·namyúrgorisque"
ürpatvist,,도와주는,도와주다,,,,,
usida,곰(熊),,,,,,,
usnot,설탕,,,,,,,
uspens,"시험, 테스트","시험을 보는, 테스트하는","시험보다, 테스트하다",,,,,
uspenslofan,시험공부,시험공부하는,시험공부하다,,,,,
uspensùquin,응시자,,,,,,,
utra,아픔,아픈,아파하다,,,,,
üvish,"서,서쪽",서쪽의,,,,,,
uzaque,,외로운,,,,,,
v,바,,,,,,자소크어의 두번째 문자,
vaf,"1^24, 자",,,,,,,
väf,항아사,,,,,,,
vag,,가지는,가지다,,,,,"영어, have"
vagkom,,가져오는,가져오다,,,,,
vagnamyúrgorisque,주격,,,,,,자소크어 명사의 격,"자소크어, vag·namyúrgorisque"
vaisausentrah,"능력, 힘",능력있는,,,,,,
vanana,바나나,,,,,,,
vanas,방향,,,,,,,
vanisha,,,,,,,"[인사] 안녕히 가세요, 안녕히 계세요, 잘 가",
vanzi,승리,이기는(勝),이기다,,,,,
vapú,사전,,,,,,,
shtelofashas,사회,사회적인,,,,,,
vaque,건강,"건강한, 바람직한",,,,,,
vator,물,,,,,,,
vatoralivay,"물고기, 생선",,,,,,,
vatormoque,(액체의)움직임,흐르는,흐르다,,,,,
vatormoqùque,,흘리는,흘리다,,,,,
venim,"자기가치, 사회적 가치, 필요도",,,,,,"특히 사람에 대해서, 다른 사람이 자기 자신을 필요로 하는 정도를 나타냄.",
venimtodfluktin,자기가치를 위해 죽을 수도 있는 사람,,,,,,,
vesh,자연,"되는, ~을 하는, 지는; 자연스러운","되다, ~을 하다, 지다(爲), ~하게 되다",,,,,
veshin,성인,,,,,,,
veshspika,자연어,,,,,,,
vesin,사과,,,,,,,
vesinoshavrisiad,사과파이,,,,,,,
veto,변태,,,,,,,
vidi,,버리는,버리다(仕舞),,,,,
vinús,"정수, 찐또백이",,,,,,,
virogas,,오르는,오르다,,,,,
vishtan,"탁자, 책상",,,,,,,
viskria,위협,,,,,,,
vist,,주는,주다,,,,,
vistàs,,,얻다,,,,,
vistnamyúrgorisque,여격,,,,,,자소크어 명사의 격,"자소크어, vist·namyúrgorisque"
vistùque,,받는,받다,,,,,
vistürpatnamyúrgorisque,여보조격,,,,,,자소크어 명사의 격,"자소크어, vist·ürpat·namyúrgorisque"
vitrudiska,"짜증, 싫증","짜증나는, 싫증나는, 질린",질리다,,,,,
vivias,벌(蜂),,,,,,,
viviasshtelo,벌떼,,,,,,,
vizash,,보는,보다(見),,,,,
vizashùquas,"렌더링, 인코딩, 인화",보이게 하는,보이게 하다,,,,,
vizashùquasin,"렌더러, 인코더",,,,,,,
vizashùque,,보이는,보이다(見),,,,,
vizud,"흥미, 관심",,,,,,,
vlanque,설정,,설정하다,,,,,
vlazif,문제 상황,,,,,,,
vlazifcamis,문제지,,,,,,,
vlosa,목소리,,,,,,,
vorshi,"칼, 검",,,,,,,
vosha,배경,,,,,,,
vot,"기계, 로봇, 봇",,,,,,,
vrisiad,,"도는, 회전하는","돌다, 회전하다",,,,,
vruma,방(房),,,,,,,
vudar,,빠른,,빠르게,,,,
vudarì,"빠르기, 속력",,,,,,,
vudarlindúhasälin,고속열차,,,,,,,
vulva,돈,,,,,,,
vút,,-에 대한,,,"-에 대해, -에 있어",,,
x,절의(切意)문자,,,,,,,
gugl,검색,,검색하다,,,,,
y,"1, 하나, 첫",,,,,,,
y,,,,,[문어] 고유명사 앞에 붙는 관사,,,
y Britain[Vritin],영국,,,,,,[y Vritin],
y Britainéspika,"영어, 영국어",,,,,,[y Vritinéspika],
y Britainéuatsinta,영국 영어 발음,,,,,,[y Vritinéuatsinta],
y Chrisancthes[Krisanntes],크리상테스,,,,,,[y Krisantes],
y Christmas[Krismas],크리스마스,,,,,,[y Krismas],
y Cosún,북한,,,,,,,
y Deutsch[Doic],독일,,,,,,,
y Google[Gugul],구글 (https://www.google.com/),,,,,,,
y Makr,"마크(=마인크래프트), =y Minecraft",,,,,,,
y Minecraft[Mainkraft],마인크래프트,,,,,,[y Mainkraft],
y Naver,네이버 (https://www.naver.com/),,,,,,[y Neivú],
y Nihonn,일본,,,,,,,
y Nihonnéspika,일본어,,,,,,,
y Russiä,러시아,,,,,,,
y Sch[Sci],스치,,,,,,,
y Shtelo,슈텔로,,,,,,,
y Sovëtékaropnatio,소비에트 연방,,,,,,,
y Sovëtski,소비에트,,,,,,,
y Türque,"터키, 튀르크",,,,,,,
y Twitter,트위터 (https://twitter.com),,,,,,[y Twitter],
y Ütüv,유튜브 (https://www.youtube.com/),,,,,,,
y Verquam,베르쿠암,,,,,,,"베르쿠암, Berquam"
y Zemin,재민(자소크어 문자),,,,,,,
y Zhongguo,중국,,,,,,[y Zonguo],
y Zhongguoéspika,중국어,,,,,,[y Zonguoéspika],
y',,,,,=y,,,
y'Afrika,아프리카,,,,,,,
y'Amērika,미국,,,,,,,
y'Amērikaéuatsinta,미국 영어 발음,,,,,,,
y'Android,안드로이드,,,,,,,
y'Asia,아시아,,,,,,,
y'Elines,그리스,,,,,,,
y'Espanä,스페인,,,,,,,
y'Esperanto,"에스페란토, 에스페란토어",,,,,,,
y'Europa,유럽,,,,,,,
y'Haiz,하이즈(세계관),,,,,,,
y'Hanguque,한국,,,,,,,
y'Hanguquéspika,"한국어, 한국말",,,,,,,
yé-,,"하나의, 한; 일번, 가장",,,,,,
yhülien,일차원,,,,,,,
yhülienski,직선,,,,,,,
ymiet,창,,,,,,,
ynam,"이름 (성, 씨를 포함하지 않음)",,,,,,,
yquorsin,"혼자, 외톨이","혼자 있는, 외톨이인",,,,,,
ysonam,"일씨(一氏), 부모님 가족의 이름",,,,,,,
ytal,1월,,,,,,,
yúrgo,단어,,,,,,,
yúsanpa,예시,,예를 들다,,,,,
yvesh,독립,"독립적인, 독자적인; 독립하는",독립하다,,,,,
zam,,자는,자다,,,,,"한국어, 잠"
zamùd,,졸린,졸려하다,,,,,
zap,,잡는,잡다(掴),,,,,"한국어, 잡다"
zapùque,,잡히는,잡히다,,,,,"자소크어, zap·ùque"
zapùquin,포로,,,,,,,"자소크어, zapùque·quo"
zasoquaravîta,자소크어 문자,,,,,,,"자소크어, zasoque·aravîta"
zasoque,자소크,,,,,,,
zasoquspika,자소크어,,,,,,,
zefes,,"화난, 분노하는","화나다, 분노하다",,,,,
zeh,,,,"절대, 반드시, 꼭, 분명; 마치",,,,
zesta,"력(曆), 달력",,,,,,,
zidas,,사라지는,사라지다,,,,,
zidasmoque,,사라져가는,사라져가다,,,,,
zigähan,,상대적인,,,,,,
zigähanski,상대성,,,,,,,
ziroque,친구,,,,,,,
zozaque,"시간(시각), 때; 경우; [의존] 회(回), 번(番)",,,,,,,
zu,,,,,"-하면, -으면",,,
zünúr,"점(dot); 공(ball), 구(sphere); 행성",,,,,,,
zuod,시간 (시간의 단위); 시 (시각의 단위),,,,,,,
zur,"행동, 동작, 움직임; 기능",움직이는,"움직하다, 행동하다, 작동하다",,,,,
zurdia,"영상, 동화(動画), 애니메이션",,,,,,,
zurdiakrif,"영상 제작, 영상 편집",영상 제작하는,영상 제작하다,,,,,
zurdiakrifin,"영상 제작자, 영상러",,,,,,,
zuryúrgo,동사,,,,,,,